GDEBZNR,GDENR,GDENAME,GDENAMK,GDEMUTDAT
101,1,Aeugst am Albis,Aeugst am Albis,1976-11-15
101,2,Affoltern am Albis,Affoltern am Albis,1848-09-12
101,3,Bonstetten,Bonstetten,1848-09-12
101,4,Hausen am Albis,Hausen am Albis,1911-01-01
101,5,Hedingen,Hedingen,1848-09-12
101,6,Kappel am Albis,Kappel am Albis,1911-01-01
101,7,Knonau,Knonau,1848-09-12
101,8,Maschwanden,Maschwanden,1848-09-12
101,9,Mettmenstetten,Mettmenstetten,1848-09-12
101,10,Obfelden,Obfelden,1848-09-12
101,11,Ottenbach,Ottenbach,1848-09-12
101,12,Rifferswil,Rifferswil,1848-09-12
101,13,Stallikon,Stallikon,1848-09-12
101,14,Wettswil am Albis,Wettswil am Albis,1976-11-15
102,21,Adlikon,Adlikon,1872-01-01
102,22,Benken (ZH),Benken (ZH),1848-09-12
102,23,Berg am Irchel,Berg am Irchel,1848-09-12
102,24,Buch am Irchel,Buch am Irchel,2013-01-01
102,25,Dachsen,Dachsen,1848-09-12
102,26,Dorf,Dorf,1848-09-12
102,27,Feuerthalen,Feuerthalen,1848-09-12
102,28,Flaach,Flaach,1848-09-12
102,29,Flurlingen,Flurlingen,1848-09-12
102,30,Andelfingen,Andelfingen,1970-01-01
102,31,Henggart,Henggart,1848-09-12
102,32,Humlikon,Humlikon,1872-01-01
102,33,Kleinandelfingen,Kleinandelfingen,1848-09-12
102,34,Laufen-Uhwiesen,Laufen-Uhwiesen,1848-09-12
102,35,Marthalen,Marthalen,1848-09-12
102,37,Ossingen,Ossingen,1848-09-12
102,38,Rheinau,Rheinau,1848-09-12
102,39,Thalheim an der Thur,Thalheim an der Thur,1878-01-01
102,40,Trüllikon,Trüllikon,1879-01-01
102,41,Truttikon,Truttikon,1879-01-01
102,43,Volken,Volken,1848-09-12
103,51,Bachenbülach,Bachenbülach,1848-09-12
103,52,Bassersdorf,Bassersdorf,1848-09-12
103,53,Bülach,Bülach,1848-09-12
103,54,Dietlikon,Dietlikon,1848-09-12
103,55,Eglisau,Eglisau,1848-09-12
103,56,Embrach,Embrach,1931-01-01
103,57,Freienstein-Teufen,Freienstein-Teufen,1958-01-01
103,58,Glattfelden,Glattfelden,1848-09-12
103,59,Hochfelden,Hochfelden,1848-09-12
103,60,Höri,Höri,1848-09-12
103,61,Hüntwangen,Hüntwangen,1848-09-12
103,62,Kloten,Kloten,1848-09-12
103,63,Lufingen,Lufingen,1848-09-12
103,64,Nürensdorf,Nürensdorf,1848-09-12
103,65,Oberembrach,Oberembrach,1848-09-12
103,66,Opfikon,Opfikon,1848-09-12
103,67,Rafz,Rafz,1848-09-12
103,68,Rorbas,Rorbas,1848-09-12
103,69,Wallisellen,Wallisellen,1916-01-01
103,70,Wasterkingen,Wasterkingen,1848-09-12
103,71,Wil (ZH),Wil (ZH),1848-09-12
103,72,Winkel,Winkel,1848-09-12
104,81,Bachs,Bachs,1848-09-12
104,82,Boppelsen,Boppelsen,1848-09-12
104,83,Buchs (ZH),Buchs (ZH),1848-09-12
104,84,Dällikon,Dällikon,1848-09-12
104,85,Dänikon,Dänikon,1848-09-12
104,86,Dielsdorf,Dielsdorf,1848-09-12
104,87,Hüttikon,Hüttikon,1848-09-12
104,88,Neerach,Neerach,1848-09-12
104,89,Niederglatt,Niederglatt,1848-09-12
104,90,Niederhasli,Niederhasli,1848-09-12
104,91,Niederweningen,Niederweningen,1848-09-12
104,92,Oberglatt,Oberglatt,1848-09-12
104,93,Oberweningen,Oberweningen,1848-09-12
104,94,Otelfingen,Otelfingen,1848-09-12
104,95,Regensberg,Regensberg,1848-09-12
104,96,Regensdorf,Regensdorf,1848-09-12
104,97,Rümlang,Rümlang,1848-09-12
104,98,Schleinikon,Schleinikon,1848-09-12
104,99,Schöfflisdorf,Schöfflisdorf,1848-09-12
104,100,Stadel,Stadel,1907-01-01
104,101,Steinmaur,Steinmaur,1848-09-12
104,102,Weiach,Weiach,1848-09-12
105,111,Bäretswil,Bäretswil,1848-09-12
105,112,Bubikon,Bubikon,1848-09-12
105,113,Dürnten,Dürnten,1848-09-12
105,114,Fischenthal,Fischenthal,1848-09-12
105,115,Gossau (ZH),Gossau (ZH),1848-09-12
105,116,Grüningen,Grüningen,1848-09-12
105,117,Hinwil,Hinwil,1848-09-12
105,118,Rüti (ZH),Rüti (ZH),1848-09-12
105,119,Seegräben,Seegräben,1848-09-12
105,120,Wald (ZH),Wald (ZH),1848-09-12
105,121,Wetzikon (ZH),Wetzikon (ZH),1848-09-12
106,131,Adliswil,Adliswil,1893-01-01
106,135,Kilchberg (ZH),Kilchberg (ZH),1848-09-12
106,136,Langnau am Albis,Langnau am Albis,1848-09-12
106,137,Oberrieden,Oberrieden,1848-09-12
106,138,Richterswil,Richterswil,1848-09-12
106,139,Rüschlikon,Rüschlikon,1848-09-12
106,141,Thalwil,Thalwil,1848-09-12
107,151,Erlenbach (ZH),Erlenbach (ZH),1848-09-12
107,152,Herrliberg,Herrliberg,1848-09-12
107,153,Hombrechtikon,Hombrechtikon,1848-09-12
107,154,Küsnacht (ZH),Küsnacht (ZH),1848-09-12
107,155,Männedorf,Männedorf,1848-09-12
107,156,Meilen,Meilen,1848-09-12
107,157,Oetwil am See,Oetwil am See,1848-09-12
107,158,Stäfa,Stäfa,1848-09-12
107,159,Uetikon am See,Uetikon am See,1977-03-10
107,160,Zumikon,Zumikon,1848-09-12
107,161,Zollikon,Zollikon,1986-01-01
108,172,Fehraltorf,Fehraltorf,1848-09-12
108,173,Hittnau,Hittnau,1848-09-12
108,176,Lindau,Lindau,1848-09-12
108,177,Pfäffikon,Pfäffikon,1848-09-12
108,178,Russikon,Russikon,1848-09-12
108,180,Weisslingen,Weisslingen,1848-09-12
108,181,Wila,Wila,1848-09-12
108,182,Wildberg,Wildberg,1848-09-12
109,191,Dübendorf,Dübendorf,1848-09-12
109,192,Egg,Egg,1848-09-12
109,193,Fällanden,Fällanden,1848-09-12
109,194,Greifensee,Greifensee,1848-09-12
109,195,Maur,Maur,1848-09-12
109,196,Mönchaltorf,Mönchaltorf,1848-09-12
109,197,Schwerzenbach,Schwerzenbach,1848-09-12
109,198,Uster,Uster,1848-09-12
109,199,Volketswil,Volketswil,1848-09-12
109,200,Wangen-Brüttisellen,Wangen-Brüttisellen,1976-01-01
110,211,Altikon,Altikon,1848-09-12
110,213,Brütten,Brütten,1848-09-12
110,214,Dägerlen,Dägerlen,1848-09-12
110,215,Dättlikon,Dättlikon,1848-09-12
110,216,Dinhard,Dinhard,1848-09-12
110,218,Ellikon an der Thur,Ellikon an der Thur,1848-09-12
110,219,Elsau,Elsau,1922-01-01
110,220,Hagenbuch,Hagenbuch,1848-09-12
110,221,Hettlingen,Hettlingen,1848-09-12
110,223,Neftenbach,Neftenbach,2013-01-01
110,224,Pfungen,Pfungen,1848-09-12
110,225,Rickenbach (ZH),Rickenbach (ZH),1848-09-12
110,226,Schlatt (ZH),Schlatt (ZH),1999-01-01
110,227,Seuzach,Seuzach,1848-09-12
110,228,Turbenthal,Turbenthal,1848-09-12
110,230,Winterthur,Winterthur,1922-01-01
110,231,Zell (ZH),Zell (ZH),1848-09-12
111,241,Aesch (ZH),Aesch (ZH),2003-01-01
111,242,Birmensdorf (ZH),Birmensdorf (ZH),1990-01-01
111,243,Dietikon,Dietikon,1990-01-01
111,244,Geroldswil,Geroldswil,1990-01-01
111,245,Oberengstringen,Oberengstringen,1990-01-01
111,246,Oetwil an der Limmat,Oetwil an der Limmat,1990-01-01
111,247,Schlieren,Schlieren,1990-01-01
111,248,Uitikon,Uitikon,1990-01-01
111,249,Unterengstringen,Unterengstringen,1990-01-01
111,250,Urdorf,Urdorf,1990-01-01
111,251,Weiningen (ZH),Weiningen (ZH),1990-01-01
112,261,Zürich,Zürich,1990-01-01
102,292,Stammheim,Stammheim,2019-01-01
106,293,Wädenswil,Wädenswil,2019-01-01
110,294,Elgg,Elgg,2018-01-01
106,295,Horgen,Horgen,2018-01-01
108,296,Illnau-Effretikon,Illnau-Effretikon,2016-01-01
108,297,Bauma,Bauma,2015-01-01
110,298,Wiesendangen,Wiesendangen,2014-01-01
243,301,Aarberg,Aarberg,2010-01-01
243,302,Bargen (BE),Bargen (BE),2010-01-01
243,303,Grossaffoltern,Grossaffoltern,2010-01-01
243,304,Kallnach,Kallnach,2019-01-01
243,305,Kappelen,Kappelen,2010-01-01
243,306,Lyss,Lyss,2011-01-01
246,307,Meikirch,Meikirch,2010-01-01
243,309,Radelfingen,Radelfingen,2010-01-01
243,310,Rapperswil (BE),Rapperswil (BE),2016-01-01
243,311,Schüpfen,Schüpfen,2010-01-01
243,312,Seedorf (BE),Seedorf (BE),2010-01-01
244,321,Aarwangen,Aarwangen,2010-01-01
244,322,Auswil,Auswil,2010-01-01
244,323,Bannwil,Bannwil,2010-01-01
244,324,Bleienbach,Bleienbach,2010-01-01
244,325,Busswil bei Melchnau,Busswil bei Melchnau,2010-01-01
244,326,Gondiswil,Gondiswil,2010-01-01
244,329,Langenthal,Langenthal,2021-01-01
244,331,Lotzwil,Lotzwil,2010-01-01
244,332,Madiswil,Madiswil,2011-01-01
244,333,Melchnau,Melchnau,2010-01-01
244,335,Oeschenbach,Oeschenbach,2010-01-01
244,336,Reisiswil,Reisiswil,2010-01-01
244,337,Roggwil (BE),Roggwil (BE),2010-01-01
244,338,Rohrbach,Rohrbach,2010-01-01
244,339,Rohrbachgraben,Rohrbachgraben,2010-01-01
244,340,Rütschelen,Rütschelen,2010-01-01
244,341,Schwarzhäusern,Schwarzhäusern,2010-01-01
244,342,Thunstetten,Thunstetten,2010-01-01
244,344,Ursenbach,Ursenbach,2010-01-01
244,345,Wynau,Wynau,2010-01-01
246,351,Bern,Bern,2010-01-01
246,352,Bolligen,Bolligen,2010-01-01
246,353,Bremgarten bei Bern,Bremgarten bei Bern,2010-01-01
246,354,Kirchlindach,Kirchlindach,2010-01-01
246,355,Köniz,Köniz,2010-01-01
246,356,Muri bei Bern,Muri bei Bern,2010-01-01
246,357,Oberbalm,Oberbalm,2010-01-01
246,358,Stettlen,Stettlen,2010-01-01
246,359,Vechigen,Vechigen,2010-01-01
246,360,Wohlen bei Bern,Wohlen bei Bern,2010-01-01
246,361,Zollikofen,Zollikofen,2010-01-01
246,362,Ittigen,Ittigen,2010-01-01
246,363,Ostermundigen,Ostermundigen,2010-01-01
242,371,Biel/Bienne,Biel/Bienne,2010-01-01
242,372,Evilard,Evilard,2010-01-01
243,381,Arch,Arch,2010-01-01
243,382,Büetigen,Büetigen,2010-01-01
243,383,Büren an der Aare,Büren an der Aare,2010-01-01
243,385,Diessbach bei Büren,Diessbach bei Büren,2010-01-01
243,386,Dotzigen,Dotzigen,2010-01-01
242,387,Lengnau (BE),Lengnau (BE),2010-01-01
243,388,Leuzigen,Leuzigen,2010-01-01
243,389,Meienried,Meienried,2010-01-01
242,390,Meinisberg,Meinisberg,2010-01-01
243,391,Oberwil bei Büren,Oberwil bei Büren,2010-01-01
242,392,Pieterlen,Pieterlen,2010-01-01
243,393,Rüti bei Büren,Rüti bei Büren,2010-01-01
243,394,Wengi,Wengi,2010-01-01
245,401,Aefligen,Aefligen,2010-01-01
245,402,Alchenstorf,Alchenstorf,2010-01-01
246,403,Bäriswil,Bäriswil,2010-01-01
245,404,Burgdorf,Burgdorf,2010-01-01
245,405,Ersigen,Ersigen,2016-01-01
245,406,Hasle bei Burgdorf,Hasle bei Burgdorf,2010-01-01
245,407,Heimiswil,Heimiswil,2010-01-01
245,408,Hellsau,Hellsau,2010-01-01
245,409,Hindelbank,Hindelbank,2021-01-01
245,410,Höchstetten,Höchstetten,2010-01-01
245,411,Kernenried,Kernenried,2010-01-01
245,412,Kirchberg (BE),Kirchberg (BE),2010-01-01
245,413,Koppigen,Koppigen,2010-01-01
245,414,Krauchthal,Krauchthal,2010-01-01
245,415,Lyssach,Lyssach,2010-01-01
245,418,Oberburg,Oberburg,2010-01-01
245,420,Rüdtligen-Alchenflüh,Rüdtligen-Alchenflüh,2010-01-01
245,421,Rumendingen,Rumendingen,2010-01-01
245,422,Rüti bei Lyssach,Rüti bei Lyssach,2010-01-01
245,423,Willadingen,Willadingen,2010-01-01
245,424,Wynigen,Wynigen,2010-01-01
241,431,Corgémont,Corgémont,2010-01-01
241,432,Cormoret,Cormoret,2010-01-01
241,433,Cortébert,Cortébert,2010-01-01
241,434,Courtelary,Courtelary,2010-01-01
241,435,La Ferrière,La Ferrière,2010-01-01
241,437,Mont-Tramelan,Mont-Tramelan,2010-01-01
241,438,Orvin,Orvin,2010-01-01
241,441,Renan (BE),Renan (BE),2010-01-01
241,442,Romont (BE),Romont (BE),2010-01-01
241,443,Saint-Imier,Saint-Imier,2010-01-01
241,444,Sonceboz-Sombeval,Sonceboz-Sombeval,2010-01-01
241,445,Sonvilier,Sonvilier,2010-01-01
241,446,Tramelan,Tramelan,2010-01-01
241,448,Villeret,Villeret,2010-01-01
241,449,Sauge,Sauge,2014-01-01
241,450,Péry-La Heutte,Péry-La Heutte,2015-01-01
243,491,Brüttelen,Brüttelen,2010-01-01
243,492,Erlach,Erlach,2010-01-01
243,493,Finsterhennen,Finsterhennen,2010-01-01
243,494,Gals,Gals,2010-01-01
243,495,Gampelen,Gampelen,2010-01-01
243,496,Ins,Ins,2010-01-01
243,497,Lüscherz,Lüscherz,2010-01-01
243,498,Müntschemier,Müntschemier,2010-01-01
243,499,Siselen,Siselen,2010-01-01
243,500,Treiten,Treiten,2010-01-01
243,501,Tschugg,Tschugg,2010-01-01
243,502,Vinelz,Vinelz,2010-01-01
245,533,Bätterkinden,Bätterkinden,2010-01-01
246,535,Deisswil bei Münchenbuchsee,Deisswil b. Münchenbuch.,2010-01-01
246,536,Diemerswil,Diemerswil,2010-01-01
246,538,Fraubrunnen,Fraubrunnen,2014-01-01
246,540,Jegenstorf,Jegenstorf,2014-01-01
246,541,Iffwil,Iffwil,2010-01-01
246,543,Mattstetten,Mattstetten,2010-01-01
246,544,Moosseedorf,Moosseedorf,2010-01-01
246,546,Münchenbuchsee,Münchenbuchsee,2010-01-01
246,551,Urtenen-Schönbühl,Urtenen-Schönbühl,2010-01-01
245,552,Utzenstorf,Utzenstorf,2010-01-01
246,553,Wiggiswil,Wiggiswil,2010-01-01
245,554,Wiler bei Utzenstorf,Wiler bei Utzenstorf,2010-01-01
245,556,Zielebach,Zielebach,2010-01-01
246,557,Zuzwil (BE),Zuzwil (BE),2010-01-01
249,561,Adelboden,Adelboden,2010-01-01
249,562,Aeschi bei Spiez,Aeschi bei Spiez,2010-01-01
249,563,Frutigen,Frutigen,2010-01-01
249,564,Kandergrund,Kandergrund,2010-01-01
249,565,Kandersteg,Kandersteg,2010-01-01
249,566,Krattigen,Krattigen,2010-01-01
249,567,Reichenbach im Kandertal,Reichenbach im Kandertal,2010-01-01
250,571,Beatenberg,Beatenberg,2010-01-01
250,572,Bönigen,Bönigen,2010-01-01
250,573,Brienz (BE),Brienz (BE),2010-01-01
250,574,Brienzwiler,Brienzwiler,2010-01-01
250,575,Därligen,Därligen,2010-01-01
250,576,Grindelwald,Grindelwald,2010-01-01
250,577,Gsteigwiler,Gsteigwiler,2010-01-01
250,578,Gündlischwand,Gündlischwand,2010-01-01
250,579,Habkern,Habkern,2010-01-01
250,580,Hofstetten bei Brienz,Hofstetten bei Brienz,2010-01-01
250,581,Interlaken,Interlaken,2010-01-01
250,582,Iseltwald,Iseltwald,2010-01-01
250,584,Lauterbrunnen,Lauterbrunnen,2010-01-01
250,585,Leissigen,Leissigen,2010-01-01
250,586,Lütschental,Lütschental,2010-01-01
250,587,Matten bei Interlaken,Matten bei Interlaken,2010-01-01
250,588,Niederried bei Interlaken,Niederried b. Interlaken,2010-01-01
250,589,Oberried am Brienzersee,Oberried am Brienzersee,2010-01-01
250,590,Ringgenberg (BE),Ringgenberg (BE),2010-01-01
250,591,Saxeten,Saxeten,2010-01-01
250,592,Schwanden bei Brienz,Schwanden bei Brienz,2010-01-01
250,593,Unterseen,Unterseen,2010-01-01
250,594,Wilderswil,Wilderswil,2010-01-01
246,602,Arni (BE),Arni (BE),2010-01-01
246,603,Biglen,Biglen,2010-01-01
246,605,Bowil,Bowil,2010-01-01
246,606,Brenzikofen,Brenzikofen,2010-01-01
246,607,Freimettigen,Freimettigen,2010-01-01
246,608,Grosshöchstetten,Grosshöchstetten,2018-01-01
246,609,Häutligen,Häutligen,2010-01-01
246,610,Herbligen,Herbligen,2010-01-01
246,611,Kiesen,Kiesen,2010-01-01
246,612,Konolfingen,Konolfingen,2010-01-01
246,613,Landiswil,Landiswil,2010-01-01
246,614,Linden,Linden,2010-01-01
246,615,Mirchel,Mirchel,2010-01-01
246,616,Münsingen,Münsingen,2017-01-01
246,617,Niederhünigen,Niederhünigen,2010-01-01
246,619,Oberdiessbach,Oberdiessbach,2014-01-01
246,620,Oberthal,Oberthal,2010-01-01
246,622,Oppligen,Oppligen,2010-01-01
246,623,Rubigen,Rubigen,2010-01-01
246,626,Walkringen,Walkringen,2010-01-01
246,627,Worb,Worb,2010-01-01
246,628,Zäziwil,Zäziwil,2010-01-01
246,629,Oberhünigen,Oberhünigen,2010-01-01
246,630,Allmendingen,Allmendingen,2010-01-01
246,632,Wichtrach,Wichtrach,2010-01-01
246,662,Ferenbalm,Ferenbalm,2010-01-01
246,663,Frauenkappelen,Frauenkappelen,2010-01-01
246,665,Gurbrü,Gurbrü,2010-01-01
246,666,Kriechenwil,Kriechenwil,2010-01-01
246,667,Laupen,Laupen,2010-01-01
246,668,Mühleberg,Mühleberg,2010-01-01
246,669,Münchenwiler,Münchenwiler,2010-01-01
246,670,Neuenegg,Neuenegg,2010-01-01
246,671,Wileroltigen,Wileroltigen,2010-01-01
241,681,Belprahon,Belprahon,2010-01-01
241,683,Champoz,Champoz,2010-01-01
241,687,Corcelles (BE),Corcelles (BE),2010-01-01
241,690,Court,Court,2010-01-01
241,691,Crémines,Crémines,2010-01-01
241,692,Eschert,Eschert,2010-01-01
241,694,Grandval,Grandval,2010-01-01
241,696,Loveresse,Loveresse,2010-01-01
241,700,Moutier,Moutier,2010-01-01
241,701,Perrefitte,Perrefitte,2010-01-01
241,703,Reconvilier,Reconvilier,2010-01-01
241,704,Roches (BE),Roches (BE),2010-01-01
241,706,Saicourt,Saicourt,2010-01-01
241,707,Saules (BE),Saules (BE),2010-01-01
241,708,Schelten,Schelten,2010-01-01
241,709,Seehof,Seehof,2010-01-01
241,711,Sorvilier,Sorvilier,2010-01-01
241,713,Tavannes,Tavannes,2010-01-01
241,715,Rebévelier,Rebévelier,2010-01-01
241,716,Petit-Val,Petit-Val,2015-01-01
241,717,Valbirse,Valbirse,2015-01-01
241,723,La Neuveville,La Neuveville,2010-01-01
241,724,Nods,Nods,2010-01-01
241,726,Plateau de Diesse,Plateau de Diesse,2014-01-01
242,731,Aegerten,Aegerten,2010-01-01
242,732,Bellmund,Bellmund,2010-01-01
242,733,Brügg,Brügg,2010-01-01
243,734,Bühl,Bühl,2010-01-01
243,735,Epsach,Epsach,2010-01-01
243,736,Hagneck,Hagneck,2010-01-01
243,737,Hermrigen,Hermrigen,2010-01-01
243,738,Jens,Jens,2010-01-01
242,739,Ipsach,Ipsach,2010-01-01
242,740,Ligerz,Ligerz,2010-01-01
243,741,Merzligen,Merzligen,2010-01-01
242,742,Mörigen,Mörigen,2010-01-01
242,743,Nidau,Nidau,2010-01-01
242,744,Orpund,Orpund,2010-01-01
242,745,Port,Port,2010-01-01
242,746,Safnern,Safnern,2010-01-01
242,747,Scheuren,Scheuren,2010-01-01
242,748,Schwadernau,Schwadernau,2010-01-01
243,749,Studen (BE),Studen (BE),2010-01-01
242,750,Sutz-Lattrigen,Sutz-Lattrigen,2010-01-01
243,751,Täuffelen,Täuffelen,2010-01-01
243,754,Walperswil,Walperswil,2010-01-01
243,755,Worben,Worben,2010-01-01
242,756,Twann-Tüscherz,Twann-Tüscherz,2010-01-01
249,761,Därstetten,Därstetten,2010-01-01
249,762,Diemtigen,Diemtigen,2010-01-01
249,763,Erlenbach im Simmental,Erlenbach im Simmental,2010-01-01
249,766,Oberwil im Simmental,Oberwil im Simmental,2010-01-01
247,767,Reutigen,Reutigen,2010-01-01
249,768,Spiez,Spiez,2010-01-01
249,769,Wimmis,Wimmis,2010-01-01
247,770,Stocken-Höfen,Stocken-Höfen,2014-01-01
250,782,Guttannen,Guttannen,2010-01-01
250,783,Hasliberg,Hasliberg,2010-01-01
250,784,Innertkirchen,Innertkirchen,2014-01-01
250,785,Meiringen,Meiringen,2010-01-01
250,786,Schattenhalb,Schattenhalb,2010-01-01
248,791,Boltigen,Boltigen,2010-01-01
248,792,Lenk,Lenk,2010-01-01
248,793,St. Stephan,St. Stephan,2010-01-01
248,794,Zweisimmen,Zweisimmen,2010-01-01
248,841,Gsteig,Gsteig,2010-01-01
248,842,Lauenen,Lauenen,2010-01-01
248,843,Saanen,Saanen,2010-01-01
246,852,Guggisberg,Guggisberg,2010-01-01
246,853,Rüschegg,Rüschegg,2010-01-01
246,855,Schwarzenburg,Schwarzenburg,2011-01-01
246,861,Belp,Belp,2012-01-01
247,863,Burgistein,Burgistein,2010-01-01
246,866,Gerzensee,Gerzensee,2010-01-01
247,867,Gurzelen,Gurzelen,2010-01-01
246,868,Jaberg,Jaberg,2010-01-01
246,869,Kaufdorf,Kaufdorf,2010-01-01
246,870,Kehrsatz,Kehrsatz,2010-01-01
246,872,Kirchdorf (BE),Kirchdorf (BE),2018-01-01
246,877,Niedermuhlern,Niedermuhlern,2010-01-01
246,879,Riggisberg,Riggisberg,2021-01-01
246,880,Rüeggisberg,Rüeggisberg,2010-01-01
247,883,Seftigen,Seftigen,2010-01-01
246,884,Toffen,Toffen,2010-01-01
247,885,Uttigen,Uttigen,2014-01-01
247,886,Wattenwil,Wattenwil,2010-01-01
246,888,Wald (BE),Wald (BE),2010-01-01
246,889,Thurnen,Thurnen,2020-01-01
245,901,Eggiwil,Eggiwil,2010-01-01
245,902,Langnau im Emmental,Langnau im Emmental,2010-01-01
245,903,Lauperswil,Lauperswil,2010-01-01
245,904,Röthenbach im Emmental,Röthenbach im Emmental,2010-01-01
245,905,Rüderswil,Rüderswil,2010-01-01
245,906,Schangnau,Schangnau,2010-01-01
245,907,Signau,Signau,2010-01-01
245,908,Trub,Trub,2010-01-01
245,909,Trubschachen,Trubschachen,2010-01-01
247,921,Amsoldingen,Amsoldingen,2010-01-01
247,922,Blumenstein,Blumenstein,2010-01-01
247,923,Buchholterberg,Buchholterberg,2010-01-01
247,924,Eriz,Eriz,2010-01-01
247,925,Fahrni,Fahrni,2010-01-01
247,927,Heiligenschwendi,Heiligenschwendi,2010-01-01
247,928,Heimberg,Heimberg,2010-01-01
247,929,Hilterfingen,Hilterfingen,2010-01-01
247,931,Homberg,Homberg,2010-01-01
247,932,Horrenbach-Buchen,Horrenbach-Buchen,2010-01-01
247,934,Oberhofen am Thunersee,Oberhofen am Thunersee,2010-01-01
247,935,Oberlangenegg,Oberlangenegg,2010-01-01
247,936,Pohlern,Pohlern,2010-01-01
247,938,Sigriswil,Sigriswil,2010-01-01
247,939,Steffisburg,Steffisburg,2020-01-01
247,940,Teuffenthal (BE),Teuffenthal (BE),2010-01-01
247,941,Thierachern,Thierachern,2010-01-01
247,942,Thun,Thun,2010-01-01
247,943,Uebeschi,Uebeschi,2010-01-01
247,944,Uetendorf,Uetendorf,2010-01-01
247,945,Unterlangenegg,Unterlangenegg,2010-01-01
247,946,Wachseldorn,Wachseldorn,2010-01-01
247,947,Zwieselberg,Zwieselberg,2010-01-01
247,948,Forst-Längenbühl,Forst-Längenbühl,2010-01-01
245,951,Affoltern im Emmental,Affoltern im Emmental,2010-01-01
245,952,Dürrenroth,Dürrenroth,2010-01-01
244,953,Eriswil,Eriswil,2010-01-01
244,954,Huttwil,Huttwil,2010-01-01
245,955,Lützelflüh,Lützelflüh,2010-01-01
245,956,Rüegsau,Rüegsau,2010-01-01
245,957,Sumiswald,Sumiswald,2010-01-01
245,958,Trachselwald,Trachselwald,2010-01-01
244,959,Walterswil (BE),Walterswil (BE),2010-01-01
244,960,Wyssachen,Wyssachen,2010-01-01
244,971,Attiswil,Attiswil,2010-01-01
244,972,Berken,Berken,2010-01-01
244,973,Bettenhausen,Bettenhausen,2011-01-01
244,975,Farnern,Farnern,2010-01-01
244,976,Graben,Graben,2010-01-01
244,977,Heimenhausen,Heimenhausen,2010-01-01
244,979,Herzogenbuchsee,Herzogenbuchsee,2010-01-01
244,980,Inkwil,Inkwil,2010-01-01
244,981,Niederbipp,Niederbipp,2020-01-01
244,982,Niederönz,Niederönz,2010-01-01
244,983,Oberbipp,Oberbipp,2010-01-01
244,985,Ochlenberg,Ochlenberg,2010-01-01
244,987,Rumisberg,Rumisberg,2010-01-01
244,988,Seeberg,Seeberg,2016-01-01
244,989,Thörigen,Thörigen,2010-01-01
244,990,Walliswil bei Niederbipp,Walliswil bei Niederbipp,2010-01-01
244,991,Walliswil bei Wangen,Walliswil bei Wangen,2010-01-01
244,992,Wangen an der Aare,Wangen an der Aare,2010-01-01
244,993,Wangenried,Wangenried,2010-01-01
244,995,Wiedlisbach,Wiedlisbach,2010-01-01
316,1001,Doppleschwand,Doppleschwand,2013-01-01
316,1002,Entlebuch,Entlebuch,2013-01-01
316,1004,Flühli,Flühli,2013-01-01
316,1005,Hasle (LU),Hasle (LU),2013-01-01
316,1007,Romoos,Romoos,2013-01-01
316,1008,Schüpfheim,Schüpfheim,2013-01-01
316,1009,Werthenstein,Werthenstein,2013-01-01
316,1010,Escholzmatt-Marbach,Escholzmatt-Marbach,2013-01-01
313,1021,Aesch (LU),Aesch (LU),2013-01-01
313,1023,Ballwil,Ballwil,2013-01-01
313,1024,Emmen,Emmen,2013-01-01
313,1025,Ermensee,Ermensee,2013-01-01
313,1026,Eschenbach (LU),Eschenbach (LU),2013-01-01
313,1030,Hitzkirch,Hitzkirch,2021-01-01
313,1031,Hochdorf,Hochdorf,2013-01-01
313,1032,Hohenrain,Hohenrain,2013-01-01
313,1033,Inwil,Inwil,2013-01-01
313,1037,Rain,Rain,2013-01-01
313,1039,Römerswil,Römerswil,2013-01-01
313,1040,Rothenburg,Rothenburg,2013-01-01
313,1041,Schongau,Schongau,2013-01-01
312,1051,Adligenswil,Adligenswil,2013-01-01
312,1052,Buchrain,Buchrain,2013-01-01
312,1053,Dierikon,Dierikon,2013-01-01
312,1054,Ebikon,Ebikon,2013-01-01
312,1055,Gisikon,Gisikon,2013-01-01
312,1056,Greppen,Greppen,2013-01-01
312,1057,Honau,Honau,2013-01-01
312,1058,Horw,Horw,2013-01-01
312,1059,Kriens,Kriens,2013-01-01
311,1061,Luzern,Luzern,2013-01-01
312,1062,Malters,Malters,2013-01-01
312,1063,Meggen,Meggen,2013-01-01
312,1064,Meierskappel,Meierskappel,2013-01-01
312,1065,Root,Root,2013-01-01
312,1066,Schwarzenberg,Schwarzenberg,2013-01-01
312,1067,Udligenswil,Udligenswil,2013-01-01
312,1068,Vitznau,Vitznau,2013-01-01
312,1069,Weggis,Weggis,2013-01-01
314,1081,Beromünster,Beromünster,2015-01-01
314,1082,Büron,Büron,2013-01-01
314,1083,Buttisholz,Buttisholz,2013-01-01
314,1084,Eich,Eich,2013-01-01
314,1085,Geuensee,Geuensee,2013-01-01
314,1086,Grosswangen,Grosswangen,2013-01-01
314,1088,Hildisrieden,Hildisrieden,2013-01-01
314,1089,Knutwil,Knutwil,2013-01-01
314,1091,Mauensee,Mauensee,2013-01-01
314,1093,Neuenkirch,Neuenkirch,2013-01-01
314,1094,Nottwil,Nottwil,2013-01-01
314,1095,Oberkirch,Oberkirch,2013-01-01
314,1097,Rickenbach (LU),Rickenbach (LU),2013-01-01
314,1098,Ruswil,Ruswil,2013-01-01
314,1099,Schenkon,Schenkon,2015-01-01
314,1100,Schlierbach,Schlierbach,2013-01-01
314,1102,Sempach,Sempach,2013-01-01
314,1103,Sursee,Sursee,2013-01-01
314,1104,Triengen,Triengen,2013-01-01
316,1107,Wolhusen,Wolhusen,2013-01-01
315,1121,Alberswil,Alberswil,2013-01-01
315,1122,Altbüron,Altbüron,2013-01-01
315,1123,Altishofen,Altishofen,2020-01-01
315,1125,Dagmersellen,Dagmersellen,2013-01-01
315,1127,Egolzwil,Egolzwil,2013-01-01
315,1128,Ettiswil,Ettiswil,2013-01-01
315,1129,Fischbach,Fischbach,2013-01-01
315,1131,Grossdietwil,Grossdietwil,2013-01-01
315,1132,Hergiswil bei Willisau,Hergiswil bei Willisau,2013-01-01
315,1135,Luthern,Luthern,2013-01-01
315,1136,Menznau,Menznau,2013-01-01
315,1137,Nebikon,Nebikon,2013-01-01
315,1139,Pfaffnau,Pfaffnau,2013-01-01
315,1140,Reiden,Reiden,2013-01-01
315,1142,Roggliswil,Roggliswil,2013-01-01
315,1143,Schötz,Schötz,2013-01-01
315,1145,Ufhusen,Ufhusen,2013-01-01
315,1146,Wauwil,Wauwil,2013-01-01
315,1147,Wikon,Wikon,2013-01-01
315,1150,Zell (LU),Zell (LU),2013-01-01
315,1151,Willisau,Willisau,2021-01-01
400,1201,Altdorf (UR),Altdorf (UR),1848-09-12
400,1202,Andermatt,Andermatt,1848-09-12
400,1203,Attinghausen,Attinghausen,1848-09-12
400,1205,Bürglen (UR),Bürglen (UR),1848-09-12
400,1206,Erstfeld,Erstfeld,1848-09-12
400,1207,Flüelen,Flüelen,1848-09-12
400,1208,Göschenen,Göschenen,1875-01-01
400,1209,Gurtnellen,Gurtnellen,1848-09-12
400,1210,Hospental,Hospental,1848-09-12
400,1211,Isenthal,Isenthal,1848-09-12
400,1212,Realp,Realp,1848-09-12
400,1213,Schattdorf,Schattdorf,1848-09-12
400,1214,Seedorf (UR),Seedorf (UR),2021-01-01
400,1215,Seelisberg,Seelisberg,1848-09-12
400,1216,Silenen,Silenen,1848-09-12
400,1217,Sisikon,Sisikon,1848-09-12
400,1218,Spiringen,Spiringen,1848-09-12
400,1219,Unterschächen,Unterschächen,1848-09-12
400,1220,Wassen,Wassen,1875-01-01
501,1301,Einsiedeln,Einsiedeln,1848-09-12
502,1311,Gersau,Gersau,1848-09-12
503,1321,Feusisberg,Feusisberg,1848-09-12
503,1322,Freienbach,Freienbach,1848-09-12
503,1323,Wollerau,Wollerau,1848-09-12
504,1331,Küssnacht (SZ),Küssnacht (SZ),2004-01-01
505,1341,Altendorf,Altendorf,1848-09-12
505,1342,Galgenen,Galgenen,1848-09-12
505,1343,Innerthal,Innerthal,1848-09-12
505,1344,Lachen,Lachen,1848-09-12
505,1345,Reichenburg,Reichenburg,1848-09-12
505,1346,Schübelbach,Schübelbach,1848-09-12
505,1347,Tuggen,Tuggen,1848-09-12
505,1348,Vorderthal,Vorderthal,1848-09-12
505,1349,Wangen (SZ),Wangen (SZ),1848-09-12
506,1361,Alpthal,Alpthal,1848-09-12
506,1362,Arth,Arth,1848-09-12
506,1363,Illgau,Illgau,1848-09-12
506,1364,Ingenbohl,Ingenbohl,1848-09-12
506,1365,Lauerz,Lauerz,1848-09-12
506,1366,Morschach,Morschach,1848-09-12
506,1367,Muotathal,Muotathal,1848-09-12
506,1368,Oberiberg,Oberiberg,1884-01-01
506,1369,Riemenstalden,Riemenstalden,1848-09-12
506,1370,Rothenthurm,Rothenthurm,1848-09-12
506,1371,Sattel,Sattel,1848-09-12
506,1372,Schwyz,Schwyz,1848-09-12
506,1373,Steinen,Steinen,1848-09-12
506,1374,Steinerberg,Steinerberg,1848-09-12
506,1375,Unteriberg,Unteriberg,1884-01-01
600,1401,Alpnach,Alpnach,1848-09-12
600,1402,Engelberg,Engelberg,1848-09-12
600,1403,Giswil,Giswil,1848-09-12
600,1404,Kerns,Kerns,1848-09-12
600,1405,Lungern,Lungern,1848-09-12
600,1406,Sachseln,Sachseln,1848-09-12
600,1407,Sarnen,Sarnen,1848-09-12
700,1501,Beckenried,Beckenried,1850-01-01
700,1502,Buochs,Buochs,1850-01-01
700,1503,Dallenwil,Dallenwil,1850-01-01
700,1504,Emmetten,Emmetten,1850-01-01
700,1505,Ennetbürgen,Ennetbürgen,1850-01-01
700,1506,Ennetmoos,Ennetmoos,1850-01-01
700,1507,Hergiswil (NW),Hergiswil (NW),1850-01-01
700,1508,Oberdorf (NW),Oberdorf (NW),1850-01-01
700,1509,Stans,Stans,1850-01-01
700,1510,Stansstad,Stansstad,1850-01-01
700,1511,Wolfenschiessen,Wolfenschiessen,1850-01-01
800,1630,Glarus Nord,Glarus Nord,2011-01-01
800,1631,Glarus Süd,Glarus Süd,2011-01-01
800,1632,Glarus,Glarus,2011-01-01
900,1701,Baar,Baar,1848-09-12
900,1702,Cham,Cham,1848-09-12
900,1703,Hünenberg,Hünenberg,1848-09-12
900,1704,Menzingen,Menzingen,1848-09-12
900,1705,Neuheim,Neuheim,1848-09-12
900,1706,Oberägeri,Oberägeri,1848-09-12
900,1707,Risch,Risch,1848-09-12
900,1708,Steinhausen,Steinhausen,1848-09-12
900,1709,Unterägeri,Unterägeri,1848-09-12
900,1710,Walchwil,Walchwil,1848-09-12
900,1711,Zug,Zug,1848-09-12
1001,2008,Châtillon (FR),Châtillon (FR),1848-09-12
1001,2011,Cugy (FR),Cugy (FR),2005-01-01
1001,2016,Fétigny,Fétigny,1848-09-12
1001,2022,Gletterens,Gletterens,1848-09-12
1001,2025,Lully (FR),Lully (FR),2006-01-01
1001,2027,Ménières,Ménières,1848-09-12
1001,2029,Montagny (FR),Montagny (FR),2004-01-01
1001,2035,Nuvilly,Nuvilly,1848-09-12
1001,2038,Prévondavaux,Prévondavaux,1848-09-12
1001,2041,Saint-Aubin (FR),Saint-Aubin (FR),1991-01-01
1001,2043,Sévaz,Sévaz,1848-09-12
1001,2044,Surpierre,Surpierre,2021-01-01
1001,2045,Vallon,Vallon,1848-09-12
1001,2050,Les Montets,Les Montets,2004-01-01
1001,2051,Delley-Portalban,Delley-Portalban,2005-01-01
1001,2053,Belmont-Broye,Belmont-Broye,2016-01-01
1001,2054,Estavayer,Estavayer,2017-01-01
1001,2055,Cheyres-Châbles,Cheyres-Châbles,2017-01-01
1002,2061,Auboranges,Auboranges,1848-09-12
1002,2063,Billens-Hennens,Billens-Hennens,1998-01-01
1002,2066,Chapelle (Glâne),Chapelle (Glâne),1953-01-01
1002,2067,Le Châtelard,Le Châtelard,1848-09-12
1002,2068,Châtonnaye,Châtonnaye,1848-09-12
1002,2072,Ecublens (FR),Ecublens (FR),1969-03-01
1002,2079,Grangettes,Grangettes,1848-09-12
1002,2086,Massonnens,Massonnens,1848-09-12
1002,2087,Mézières (FR),Mézières (FR),2004-01-01
1002,2089,Montet (Glâne),Montet (Glâne),1848-09-12
1002,2096,Romont (FR),Romont (FR),1981-01-01
1002,2097,Rue,Rue,2001-01-01
1002,2099,Siviriez,Siviriez,2004-01-01
1002,2102,Ursy,Ursy,2012-01-01
1002,2113,Vuisternens-devant-Romont,Vuisternens-dev-Romont,2004-01-01
1002,2114,Villorsonnens,Villorsonnens,2001-01-01
1002,2115,Torny,Torny,2004-01-01
1002,2117,Villaz,Villaz,2020-01-01
1003,2121,Haut-Intyamon,Haut-Intyamon,2002-01-01
1003,2122,Pont-en-Ogoz,Pont-en-Ogoz,2003-01-01
1003,2123,Botterens,Botterens,2006-01-01
1003,2124,Broc,Broc,1848-09-12
1003,2125,Bulle,Bulle,2006-01-01
1003,2128,Châtel-sur-Montsalvens,Châtel-sur-Montsalvens,1848-09-12
1003,2129,Corbières,Corbières,2011-01-01
1003,2130,Crésuz,Crésuz,1848-09-12
1003,2131,Echarlens,Echarlens,1848-09-12
1003,2134,Grandvillard,Grandvillard,1848-09-12
1003,2135,Gruyères,Gruyères,1848-09-12
1003,2137,Hauteville,Hauteville,1848-09-12
1003,2138,Jaun,Jaun,1848-09-12
1003,2140,Marsens,Marsens,2001-01-01
1003,2143,Morlon,Morlon,1848-09-12
1003,2145,Le Pâquier (FR),Le Pâquier (FR),1848-09-12
1003,2147,Pont-la-Ville,Pont-la-Ville,1848-09-12
1003,2148,Riaz,Riaz,1848-09-12
1003,2149,La Roche,La Roche,1848-09-12
1003,2152,Sâles,Sâles,2001-01-01
1003,2153,Sorens,Sorens,1848-09-12
1003,2155,Vaulruz,Vaulruz,1848-09-12
1003,2160,Vuadens,Vuadens,1848-09-12
1003,2162,Bas-Intyamon,Bas-Intyamon,2004-01-01
1003,2163,Val-de-Charmey,Val-de-Charmey,2014-01-01
1004,2173,Autigny,Autigny,1848-09-12
1004,2174,Avry,Avry,2001-01-01
1004,2175,Belfaux,Belfaux,2016-01-01
1004,2177,Chénens,Chénens,1848-09-12
1004,2183,Corminboeuf,Corminboeuf,2017-01-01
1004,2186,Cottens (FR),Cottens (FR),1848-09-12
1004,2194,Ferpicloz,Ferpicloz,1848-09-12
1004,2196,Fribourg,Fribourg,1848-09-12
1004,2197,Givisiez,Givisiez,1848-09-12
1004,2198,Granges-Paccot,Granges-Paccot,1848-09-12
1004,2200,Grolley,Grolley,2000-01-01
1004,2206,Marly,Marly,1976-01-01
1004,2208,Matran,Matran,1848-09-12
1004,2211,Neyruz (FR),Neyruz (FR),1848-09-12
1004,2216,Pierrafortscha,Pierrafortscha,1848-09-12
1004,2217,Ponthaux,Ponthaux,1981-01-01
1004,2220,Le Mouret,Le Mouret,2003-01-01
1004,2226,Treyvaux,Treyvaux,1848-09-12
1004,2228,Villars-sur-Glâne,Villars-sur-Glâne,1848-09-12
1004,2230,Villarsel-sur-Marly,Villarsel-sur-Marly,1848-09-12
1004,2233,Hauterive (FR),Hauterive (FR),2001-01-01
1004,2234,La Brillaz,La Brillaz,2001-01-01
1004,2235,La Sonnaz,La Sonnaz,2004-01-01
1004,2236,Gibloux,Gibloux,2016-01-01
1004,2237,Prez,Prez,2020-01-01
1004,2238,Bois-d'Amont,Bois-d'Amont,2021-01-01
1005,2250,Courgevaux,Courgevaux,1848-09-12
1005,2254,Courtepin,Courtepin,2017-01-01
1005,2257,Cressier (FR),Cressier (FR),1848-09-12
1005,2258,Fräschels,Fräschels,1848-09-12
1005,2261,Greng,Greng,1848-09-12
1005,2262,Gurmels,Gurmels,2005-01-01
1005,2265,Kerzers,Kerzers,1848-09-12
1005,2266,Kleinbösingen,Kleinbösingen,1848-09-12
1005,2271,Meyriez,Meyriez,1848-09-12
1005,2272,Misery-Courtion,Misery-Courtion,1997-01-01
1005,2274,Muntelier,Muntelier,1848-09-12
1005,2275,Murten,Murten,2022-01-01
1005,2276,Ried bei Kerzers,Ried bei Kerzers,2006-01-01
1005,2278,Ulmiz,Ulmiz,1848-09-12
1005,2284,Mont-Vully,Mont-Vully,2016-01-01
1006,2292,Brünisried,Brünisried,1848-09-12
1006,2293,Düdingen,Düdingen,1922-01-01
1006,2294,Giffers,Giffers,1848-09-12
1006,2295,Bösingen,Bösingen,1962-01-01
1006,2296,Heitenried,Heitenried,1848-09-12
1006,2299,Plaffeien,Plaffeien,2017-01-01
1006,2300,Plasselb,Plasselb,1971-01-01
1006,2301,Rechthalten,Rechthalten,1848-09-12
1006,2303,St. Silvester,St. Silvester,1848-09-12
1006,2304,St. Ursen,St. Ursen,1848-09-12
1006,2305,Schmitten (FR),Schmitten (FR),1922-01-01
1006,2306,Tafers,Tafers,2021-01-01
1006,2307,Tentlingen,Tentlingen,1848-09-12
1006,2308,Ueberstorf,Ueberstorf,1848-09-12
1006,2309,Wünnewil-Flamatt,Wünnewil-Flamatt,1974-01-01
1007,2321,Attalens,Attalens,1848-09-12
1007,2323,Bossonnens,Bossonnens,1848-09-12
1007,2325,Châtel-Saint-Denis,Châtel-Saint-Denis,1848-09-12
1007,2328,Granges (Veveyse),Granges (Veveyse),1848-09-12
1007,2333,Remaufens,Remaufens,1848-09-12
1007,2335,Saint-Martin (FR),Saint-Martin (FR),2004-01-01
1007,2336,Semsales,Semsales,1968-01-01
1007,2337,Le Flon,Le Flon,2004-01-01
1007,2338,La Verrerie,La Verrerie,2004-01-01
1101,2401,Egerkingen,Egerkingen,1991-01-01
1101,2402,Härkingen,Härkingen,1991-01-01
1101,2403,Kestenholz,Kestenholz,1991-01-01
1101,2404,Neuendorf,Neuendorf,1991-01-01
1101,2405,Niederbuchsiten,Niederbuchsiten,1991-01-01
1101,2406,Oberbuchsiten,Oberbuchsiten,1991-01-01
1101,2407,Oensingen,Oensingen,1991-01-01
1101,2408,Wolfwil,Wolfwil,1991-01-01
1102,2421,Aedermannsdorf,Aedermannsdorf,1991-01-01
1102,2422,Balsthal,Balsthal,1991-01-01
1102,2424,Herbetswil,Herbetswil,1991-01-01
1102,2425,Holderbank (SO),Holderbank (SO),1991-01-01
1102,2426,Laupersdorf,Laupersdorf,1991-01-01
1102,2427,Matzendorf,Matzendorf,1991-01-01
1102,2428,Mümliswil-Ramiswil,Mümliswil-Ramiswil,1991-01-01
1102,2430,Welschenrohr-Gänsbrunnen,Welschenrohr-Gänsbrunnen,2021-01-01
1103,2445,Biezwil,Biezwil,1848-09-12
1103,2455,Lüterkofen-Ichertswil,Lüterkofen-Ichertswil,1961-01-01
1103,2456,Lüterswil-Gächliwil,Lüterswil-Gächliwil,1995-01-01
1103,2457,Messen,Messen,2010-01-01
1103,2461,Schnottwil,Schnottwil,1848-09-12
1103,2463,Unterramsern,Unterramsern,1848-09-12
1103,2464,Lüsslingen-Nennigkofen,Lüsslingen-Nennigkofen,2013-01-01
1103,2465,Buchegg,Buchegg,2014-01-01
1104,2471,Bättwil,Bättwil,1848-09-12
1104,2472,Büren (SO),Büren (SO),1848-09-12
1104,2473,Dornach,Dornach,1848-09-12
1104,2474,Gempen,Gempen,1848-09-12
1104,2475,Hochwald,Hochwald,1848-09-12
1104,2476,Hofstetten-Flüh,Hofstetten-Flüh,1986-01-01
1104,2477,Metzerlen-Mariastein,Metzerlen-Mariastein,2004-01-01
1104,2478,Nuglar-St. Pantaleon,Nuglar-St. Pantaleon,1848-09-12
1104,2479,Rodersdorf,Rodersdorf,1848-09-12
1104,2480,Seewen,Seewen,1848-09-12
1104,2481,Witterswil,Witterswil,1848-09-12
1105,2491,Hauenstein-Ifenthal,Hauenstein-Ifenthal,1848-09-12
1105,2492,Kienberg,Kienberg,1848-09-12
1105,2493,Lostorf,Lostorf,1848-09-12
1105,2495,Niedergösgen,Niedergösgen,1848-09-12
1105,2497,Obergösgen,Obergösgen,1848-09-12
1105,2499,Stüsslingen,Stüsslingen,2021-01-01
1105,2500,Trimbach,Trimbach,1848-09-12
1105,2501,Winznau,Winznau,1848-09-12
1105,2502,Wisen (SO),Wisen (SO),1848-09-12
1105,2503,Erlinsbach (SO),Erlinsbach (SO),2006-01-01
1106,2511,Aeschi (SO),Aeschi (SO),2012-01-01
1106,2513,Biberist,Biberist,1991-01-01
1106,2514,Bolken,Bolken,1991-01-01
1106,2516,Deitingen,Deitingen,1991-01-01
1106,2517,Derendingen,Derendingen,1991-01-01
1106,2518,Etziken,Etziken,1991-01-01
1106,2519,Gerlafingen,Gerlafingen,1991-01-01
1106,2520,Halten,Halten,1991-01-01
1106,2523,Horriwil,Horriwil,1991-01-01
1106,2524,Hüniken,Hüniken,1991-01-01
1106,2525,Kriegstetten,Kriegstetten,1991-01-01
1106,2526,Lohn-Ammannsegg,Lohn-Ammannsegg,1993-01-01
1106,2527,Luterbach,Luterbach,1991-01-01
1106,2528,Obergerlafingen,Obergerlafingen,1991-01-01
1106,2529,Oekingen,Oekingen,1991-01-01
1106,2530,Recherswil,Recherswil,1991-01-01
1106,2532,Subingen,Subingen,1991-01-01
1106,2534,Zuchwil,Zuchwil,1991-01-01
1106,2535,Drei Höfe,Drei Höfe,2013-01-01
1107,2541,Balm bei Günsberg,Balm bei Günsberg,1848-09-12
1107,2542,Bellach,Bellach,1848-09-12
1107,2543,Bettlach,Bettlach,1848-09-12
1107,2544,Feldbrunnen-St. Niklaus,Feldbrunnen-St. Niklaus,1848-09-12
1107,2545,Flumenthal,Flumenthal,1848-09-12
1107,2546,Grenchen,Grenchen,1848-09-12
1107,2547,Günsberg,Günsberg,1848-09-12
1107,2548,Hubersdorf,Hubersdorf,1848-09-12
1107,2549,Kammersrohr,Kammersrohr,1848-09-12
1107,2550,Langendorf,Langendorf,1848-09-12
1107,2551,Lommiswil,Lommiswil,1848-09-12
1107,2553,Oberdorf (SO),Oberdorf (SO),1848-09-12
1107,2554,Riedholz,Riedholz,2011-01-01
1107,2555,Rüttenen,Rüttenen,1848-09-12
1107,2556,Selzach,Selzach,1848-09-12
1108,2571,Boningen,Boningen,1848-09-12
1108,2572,Däniken,Däniken,1848-09-12
1108,2573,Dulliken,Dulliken,1848-09-12
1108,2574,Eppenberg-Wöschnau,Eppenberg-Wöschnau,1848-09-12
1108,2575,Fulenbach,Fulenbach,1848-09-12
1108,2576,Gretzenbach,Gretzenbach,1973-01-01
1108,2578,Gunzgen,Gunzgen,1848-09-12
1108,2579,Hägendorf,Hägendorf,1848-09-12
1108,2580,Kappel (SO),Kappel (SO),1848-09-12
1108,2581,Olten,Olten,1848-09-12
1108,2582,Rickenbach (SO),Rickenbach (SO),1848-09-12
1108,2583,Schönenwerd,Schönenwerd,1848-09-12
1108,2584,Starrkirch-Wil,Starrkirch-Wil,1848-09-12
1108,2585,Walterswil (SO),Walterswil (SO),1848-09-12
1108,2586,Wangen bei Olten,Wangen bei Olten,1848-09-12
1109,2601,Solothurn,Solothurn,1848-09-12
1110,2611,Bärschwil,Bärschwil,1848-09-12
1110,2612,Beinwil (SO),Beinwil (SO),1848-09-12
1110,2613,Breitenbach,Breitenbach,1848-09-12
1110,2614,Büsserach,Büsserach,1848-09-12
1110,2615,Erschwil,Erschwil,1848-09-12
1110,2616,Fehren,Fehren,1848-09-12
1110,2617,Grindel,Grindel,1848-09-12
1110,2618,Himmelried,Himmelried,1848-09-12
1110,2619,Kleinlützel,Kleinlützel,1848-09-12
1110,2620,Meltingen,Meltingen,1848-09-12
1110,2621,Nunningen,Nunningen,1848-09-12
1110,2622,Zullwil,Zullwil,1848-09-12
1200,2701,Basel,Basel,1908-01-01
1200,2702,Bettingen,Bettingen,1848-09-12
1200,2703,Riehen,Riehen,1848-09-12
1301,2761,Aesch (BL),Aesch (BL),1994-01-01
1301,2762,Allschwil,Allschwil,1994-01-01
1301,2763,Arlesheim,Arlesheim,1994-01-01
1301,2764,Biel-Benken,Biel-Benken,1994-01-01
1301,2765,Binningen,Binningen,1994-01-01
1301,2766,Birsfelden,Birsfelden,1994-01-01
1301,2767,Bottmingen,Bottmingen,1994-01-01
1301,2768,Ettingen,Ettingen,1994-01-01
1301,2769,Münchenstein,Münchenstein,1994-01-01
1301,2770,Muttenz,Muttenz,1994-01-01
1301,2771,Oberwil (BL),Oberwil (BL),1994-01-01
1301,2772,Pfeffingen,Pfeffingen,1994-01-01
1301,2773,Reinach (BL),Reinach (BL),1994-01-01
1301,2774,Schönenbuch,Schönenbuch,1994-01-01
1301,2775,Therwil,Therwil,1994-01-01
1302,2781,Blauen,Blauen,1994-01-01
1302,2782,Brislach,Brislach,1994-01-01
1302,2783,Burg im Leimental,Burg im Leimental,1994-01-01
1302,2784,Dittingen,Dittingen,1994-01-01
1302,2785,Duggingen,Duggingen,1994-01-01
1302,2786,Grellingen,Grellingen,1994-01-01
1302,2787,Laufen,Laufen,1994-01-01
1302,2788,Liesberg,Liesberg,1994-01-01
1302,2789,Nenzlingen,Nenzlingen,1994-01-01
1302,2790,Roggenburg,Roggenburg,1994-01-01
1302,2791,Röschenz,Röschenz,1994-01-01
1302,2792,Wahlen,Wahlen,1994-01-01
1302,2793,Zwingen,Zwingen,1994-01-01
1303,2821,Arisdorf,Arisdorf,1994-01-01
1303,2822,Augst,Augst,1994-01-01
1303,2823,Bubendorf,Bubendorf,1994-01-01
1303,2824,Frenkendorf,Frenkendorf,1994-01-01
1303,2825,Füllinsdorf,Füllinsdorf,1994-01-01
1303,2826,Giebenach,Giebenach,1994-01-01
1303,2827,Hersberg,Hersberg,1994-01-01
1303,2828,Lausen,Lausen,1994-01-01
1303,2829,Liestal,Liestal,1994-01-01
1303,2830,Lupsingen,Lupsingen,1994-01-01
1303,2831,Pratteln,Pratteln,1994-01-01
1303,2832,Ramlinsburg,Ramlinsburg,1994-01-01
1303,2833,Seltisberg,Seltisberg,1994-01-01
1303,2834,Ziefen,Ziefen,1994-01-01
1304,2841,Anwil,Anwil,1994-01-01
1304,2842,Böckten,Böckten,1994-01-01
1304,2843,Buckten,Buckten,1994-01-01
1304,2844,Buus,Buus,1994-01-01
1304,2845,Diepflingen,Diepflingen,1994-01-01
1304,2846,Gelterkinden,Gelterkinden,1994-01-01
1304,2847,Häfelfingen,Häfelfingen,1994-01-01
1304,2848,Hemmiken,Hemmiken,1994-01-01
1304,2849,Itingen,Itingen,1994-01-01
1304,2850,Känerkinden,Känerkinden,1994-01-01
1304,2851,Kilchberg (BL),Kilchberg (BL),1994-01-01
1304,2852,Läufelfingen,Läufelfingen,1994-01-01
1304,2853,Maisprach,Maisprach,1994-01-01
1304,2854,Nusshof,Nusshof,1994-01-01
1304,2855,Oltingen,Oltingen,1994-01-01
1304,2856,Ormalingen,Ormalingen,1994-01-01
1304,2857,Rickenbach (BL),Rickenbach (BL),1994-01-01
1304,2858,Rothenfluh,Rothenfluh,1994-01-01
1304,2859,Rümlingen,Rümlingen,1994-01-01
1304,2860,Rünenberg,Rünenberg,1994-01-01
1304,2861,Sissach,Sissach,1994-01-01
1304,2862,Tecknau,Tecknau,1994-01-01
1304,2863,Tenniken,Tenniken,1994-01-01
1304,2864,Thürnen,Thürnen,1994-01-01
1304,2865,Wenslingen,Wenslingen,1994-01-01
1304,2866,Wintersingen,Wintersingen,1994-01-01
1304,2867,Wittinsburg,Wittinsburg,1994-01-01
1304,2868,Zeglingen,Zeglingen,1994-01-01
1304,2869,Zunzgen,Zunzgen,1994-01-01
1305,2881,Arboldswil,Arboldswil,1994-01-01
1305,2882,Bennwil,Bennwil,1994-01-01
1305,2883,Bretzwil,Bretzwil,1994-01-01
1305,2884,Diegten,Diegten,1994-01-01
1305,2885,Eptingen,Eptingen,1994-01-01
1305,2886,Hölstein,Hölstein,1994-01-01
1305,2887,Lampenberg,Lampenberg,1994-01-01
1305,2888,Langenbruck,Langenbruck,1994-01-01
1305,2889,Lauwil,Lauwil,1994-01-01
1305,2890,Liedertswil,Liedertswil,1994-01-01
1305,2891,Niederdorf,Niederdorf,1994-01-01
1305,2892,Oberdorf (BL),Oberdorf (BL),1994-01-01
1305,2893,Reigoldswil,Reigoldswil,1994-01-01
1305,2894,Titterten,Titterten,1994-01-01
1305,2895,Waldenburg,Waldenburg,1994-01-01
1401,2901,Gächlingen,Gächlingen,1848-09-12
1401,2903,Löhningen,Löhningen,1848-09-12
1401,2904,Neunkirch,Neunkirch,1848-09-12
1402,2914,Büttenhardt,Büttenhardt,1848-09-12
1402,2915,Dörflingen,Dörflingen,1848-09-12
1402,2917,Lohn (SH),Lohn (SH),1848-09-12
1402,2919,Stetten (SH),Stetten (SH),1848-09-12
1402,2920,Thayngen,Thayngen,2009-01-01
1403,2931,Bargen (SH),Bargen (SH),1848-09-12
1403,2932,Beringen,Beringen,2013-01-01
1403,2933,Buchberg,Buchberg,1848-09-12
1403,2936,Merishausen,Merishausen,1848-09-12
1403,2937,Neuhausen am Rheinfall,Neuhausen am Rheinfall,1938-01-01
1403,2938,Rüdlingen,Rüdlingen,1848-09-12
1403,2939,Schaffhausen,Schaffhausen,2009-01-01
1404,2951,Beggingen,Beggingen,1848-09-12
1404,2952,Schleitheim,Schleitheim,1848-09-12
1404,2953,Siblingen,Siblingen,1848-09-12
1405,2961,Buch (SH),Buch (SH),1848-09-12
1405,2962,Hemishofen,Hemishofen,1848-09-12
1405,2963,Ramsen,Ramsen,1848-09-12
1405,2964,Stein am Rhein,Stein am Rhein,1848-09-12
1406,2971,Hallau,Hallau,1934-01-01
1406,2972,Oberhallau,Oberhallau,1848-09-12
1406,2973,Trasadingen,Trasadingen,1848-09-12
1406,2974,Wilchingen,Wilchingen,2005-01-01
1501,3001,Herisau,Herisau,1848-09-12
1501,3002,Hundwil,Hundwil,1848-09-12
1501,3003,Schönengrund,Schönengrund,1848-09-12
1501,3004,Schwellbrunn,Schwellbrunn,1848-09-12
1501,3005,Stein (AR),Stein (AR),1848-09-12
1501,3006,Urnäsch,Urnäsch,1848-09-12
1501,3007,Waldstatt,Waldstatt,1848-09-12
1502,3021,Bühler,Bühler,1848-09-12
1502,3022,Gais,Gais,1848-09-12
1502,3023,Speicher,Speicher,1848-09-12
1502,3024,Teufen (AR),Teufen (AR),1848-09-12
1502,3025,Trogen,Trogen,1848-09-12
1503,3031,Grub (AR),Grub (AR),1848-09-12
1503,3032,Heiden,Heiden,1848-09-12
1503,3033,Lutzenberg,Lutzenberg,1848-09-12
1503,3034,Rehetobel,Rehetobel,1848-09-12
1503,3035,Reute (AR),Reute (AR),1875-01-01
1503,3036,Wald (AR),Wald (AR),1848-09-12
1503,3037,Walzenhausen,Walzenhausen,1848-09-12
1503,3038,Wolfhalden,Wolfhalden,1848-09-12
1600,3101,Appenzell,Appenzell,1997-01-01
1600,3102,Gonten,Gonten,1997-01-01
1600,3103,Rüte,Rüte,1997-01-01
1600,3104,Schlatt-Haslen,Schlatt-Haslen,1997-01-01
1600,3105,Schwende,Schwende,1997-01-01
1600,3111,Oberegg,Oberegg,1997-01-01
1721,3201,Häggenschwil,Häggenschwil,2003-01-01
1721,3202,Muolen,Muolen,2003-01-01
1721,3203,St. Gallen,St. Gallen,2003-01-01
1721,3204,Wittenbach,Wittenbach,2003-01-01
1722,3211,Berg (SG),Berg (SG),2003-01-01
1721,3212,Eggersriet,Eggersriet,2003-01-01
1722,3213,Goldach,Goldach,2003-01-01
1722,3214,Mörschwil,Mörschwil,2003-01-01
1722,3215,Rorschach,Rorschach,2003-01-01
1722,3216,Rorschacherberg,Rorschacherberg,2003-01-01
1722,3217,Steinach,Steinach,2003-01-01
1722,3218,Tübach,Tübach,2003-01-01
1722,3219,Untereggen,Untereggen,2003-01-01
1723,3231,Au (SG),Au (SG),2003-01-01
1723,3232,Balgach,Balgach,2003-01-01
1723,3233,Berneck,Berneck,2003-01-01
1723,3234,Diepoldsau,Diepoldsau,2003-01-01
1723,3235,Rheineck,Rheineck,2003-01-01
1723,3236,St. Margrethen,St. Margrethen,2003-01-01
1722,3237,Thal,Thal,2003-01-01
1723,3238,Widnau,Widnau,2003-01-01
1723,3251,Altstätten,Altstätten,2003-01-01
1723,3252,Eichberg,Eichberg,2003-01-01
1723,3253,Marbach (SG),Marbach (SG),2003-01-01
1723,3254,Oberriet (SG),Oberriet (SG),2003-01-01
1723,3255,Rebstein,Rebstein,2003-01-01
1723,3256,Rüthi (SG),Rüthi (SG),2003-01-01
1724,3271,Buchs (SG),Buchs (SG),2003-01-01
1724,3272,Gams,Gams,2003-01-01
1724,3273,Grabs,Grabs,2003-01-01
1724,3274,Sennwald,Sennwald,2003-01-01
1724,3275,Sevelen,Sevelen,2003-01-01
1724,3276,Wartau,Wartau,2003-01-01
1725,3291,Bad Ragaz,Bad Ragaz,2003-01-01
1725,3292,Flums,Flums,2003-01-01
1725,3293,Mels,Mels,2003-01-01
1725,3294,Pfäfers,Pfäfers,2003-01-01
1725,3295,Quarten,Quarten,2003-01-01
1725,3296,Sargans,Sargans,2003-01-01
1725,3297,Vilters-Wangs,Vilters-Wangs,2003-01-01
1725,3298,Walenstadt,Walenstadt,2003-01-01
1726,3311,Amden,Amden,2003-01-01
1726,3312,Benken (SG),Benken (SG),2003-01-01
1726,3313,Kaltbrunn,Kaltbrunn,2003-01-01
1726,3315,Schänis,Schänis,2003-01-01
1726,3316,Weesen,Weesen,2003-01-01
1726,3338,Schmerikon,Schmerikon,2003-01-01
1726,3339,Uznach,Uznach,2003-01-01
1726,3340,Rapperswil-Jona,Rapperswil-Jona,2007-01-01
1726,3341,Gommiswald,Gommiswald,2013-01-01
1726,3342,Eschenbach (SG),Eschenbach (SG),2013-01-01
1727,3352,Ebnat-Kappel,Ebnat-Kappel,2003-01-01
1727,3359,Wildhaus-Alt St. Johann,Wildhaus-Alt St. Johann,2010-01-01
1727,3360,Nesslau,Nesslau,2013-01-01
1727,3372,Hemberg,Hemberg,2003-01-01
1727,3374,Lichtensteig,Lichtensteig,2003-01-01
1727,3375,Oberhelfenschwil,Oberhelfenschwil,2003-01-01
1727,3378,Neckertal,Neckertal,2009-01-01
1727,3379,Wattwil,Wattwil,2013-01-01
1727,3392,Kirchberg (SG),Kirchberg (SG),2003-01-01
1727,3393,Lütisburg,Lütisburg,2003-01-01
1727,3394,Mosnang,Mosnang,2003-01-01
1727,3395,Bütschwil-Ganterschwil,Bütschwil-Ganterschwil,2013-01-01
1728,3401,Degersheim,Degersheim,2003-01-01
1728,3402,Flawil,Flawil,2003-01-01
1728,3405,Jonschwil,Jonschwil,2003-01-01
1728,3407,Oberuzwil,Oberuzwil,2003-01-01
1728,3408,Uzwil,Uzwil,2003-01-01
1728,3422,Niederbüren,Niederbüren,2003-01-01
1728,3423,Niederhelfenschwil,Niederhelfenschwil,2003-01-01
1728,3424,Oberbüren,Oberbüren,2003-01-01
1728,3426,Zuzwil (SG),Zuzwil (SG),2003-01-01
1728,3427,Wil (SG),Wil (SG),2013-01-01
1721,3441,Andwil (SG),Andwil (SG),2003-01-01
1721,3442,Gaiserwald,Gaiserwald,2003-01-01
1721,3443,Gossau (SG),Gossau (SG),2003-01-01
1721,3444,Waldkirch,Waldkirch,2003-01-01
1841,3506,Vaz/Obervaz,Vaz/Obervaz,2017-01-01
1841,3513,Lantsch/Lenz,Lantsch/Lenz,2017-01-01
1841,3514,Schmitten (GR),Schmitten (GR),2017-01-01
1841,3542,Albula/Alvra,Albula/Alvra,2017-01-01
1841,3543,Surses,Surses,2017-01-01
1841,3544,Bergün Filisur,Bergün Filisur,2018-01-01
1842,3551,Brusio,Brusio,2017-01-01
1842,3561,Poschiavo,Poschiavo,2017-01-01
1850,3572,Falera,Falera,2017-01-01
1850,3575,Laax,Laax,2017-01-01
1850,3581,Sagogn,Sagogn,2017-01-01
1850,3582,Schluein,Schluein,2017-01-01
1850,3603,Vals,Vals,2017-01-01
1850,3618,Lumnezia,Lumnezia,2017-01-01
1850,3619,Ilanz/Glion,Ilanz/Glion,2017-01-01
1851,3633,Fürstenau,Fürstenau,2017-01-01
1851,3637,Rothenbrunnen,Rothenbrunnen,2017-01-01
1851,3638,Scharans,Scharans,2017-01-01
1851,3640,Sils im Domleschg,Sils im Domleschg,2017-01-01
1851,3661,Cazis,Cazis,2017-01-01
1851,3662,Flerden,Flerden,2017-01-01
1851,3663,Masein,Masein,2017-01-01
1851,3668,Thusis,Thusis,2018-01-01
1851,3669,Tschappina,Tschappina,2017-01-01
1851,3670,Urmein,Urmein,2017-01-01
1850,3672,Safiental,Safiental,2017-01-01
1851,3673,Domleschg,Domleschg,2017-01-01
1851,3681,Avers,Avers,2017-01-01
1851,3695,Sufers,Sufers,2017-01-01
1851,3701,Andeer,Andeer,2017-01-01
1851,3711,Rongellen,Rongellen,2017-01-01
1851,3712,Zillis-Reischen,Zillis-Reischen,2017-01-01
1851,3713,Ferrera,Ferrera,2017-01-01
1851,3714,Rheinwald,Rheinwald,2019-01-01
1851,3715,Muntogna da Schons,Muntogna da Schons,2021-01-01
1844,3721,Bonaduz,Bonaduz,2017-01-01
1844,3722,Domat/Ems,Domat/Ems,2017-01-01
1844,3723,Rhäzüns,Rhäzüns,2017-01-01
1844,3731,Felsberg,Felsberg,2017-01-01
1844,3732,Flims,Flims,2017-01-01
1844,3733,Tamins,Tamins,2017-01-01
1844,3734,Trin,Trin,2017-01-01
1843,3746,Zernez,Zernez,2017-01-01
1843,3752,Samnaun,Samnaun,2017-01-01
1843,3762,Scuol,Scuol,2017-01-01
1843,3764,Valsot,Valsot,2017-01-01
1846,3781,Bever,Bever,2017-01-01
1846,3782,Celerina/Schlarigna,Celerina/Schlarigna,2017-01-01
1846,3783,Madulain,Madulain,2017-01-01
1846,3784,Pontresina,Pontresina,2017-01-01
1846,3785,La Punt Chamues-ch,La Punt Chamues-ch,2020-10-01
1846,3786,Samedan,Samedan,2017-01-01
1846,3787,St. Moritz,St. Moritz,2017-01-01
1846,3788,S-chanf,S-chanf,2017-01-01
1846,3789,Sils im Engadin/Segl,Sils im Engadin/Segl,2017-01-01
1846,3790,Silvaplana,Silvaplana,2017-01-01
1846,3791,Zuoz,Zuoz,2017-01-01
1846,3792,Bregaglia,Bregaglia,2017-01-01
1847,3804,Buseno,Buseno,2017-01-01
1847,3805,Castaneda,Castaneda,2017-01-01
1847,3808,Rossa,Rossa,2017-01-01
1847,3810,Santa Maria in Calanca,Santa Maria in Calanca,2017-01-01
1847,3821,Lostallo,Lostallo,2017-01-01
1847,3822,Mesocco,Mesocco,2017-01-01
1847,3823,Soazza,Soazza,2017-01-01
1847,3831,Cama,Cama,2017-01-01
1847,3832,Grono,Grono,2017-01-01
1847,3834,Roveredo (GR),Roveredo (GR),2017-01-01
1847,3835,San Vittore,San Vittore,2017-01-01
1847,3837,Calanca,Calanca,2017-01-01
1843,3847,Val Müstair,Val Müstair,2017-01-01
1849,3851,Davos,Davos,2017-01-01
1849,3861,Fideris,Fideris,2017-01-01
1849,3862,Furna,Furna,2017-01-01
1849,3863,Jenaz,Jenaz,2017-01-01
1849,3871,Klosters,Klosters,2021-01-01
1849,3881,Conters im Prättigau,Conters im Prättigau,2017-01-01
1849,3882,Küblis,Küblis,2017-01-01
1849,3891,Luzein,Luzein,2017-01-01
1848,3901,Chur,Chur,2021-01-01
1848,3911,Churwalden,Churwalden,2017-01-01
1848,3921,Arosa,Arosa,2017-01-01
1848,3932,Tschiertschen-Praden,Tschiertschen-Praden,2017-01-01
1845,3945,Trimmis,Trimmis,2017-01-01
1845,3946,Untervaz,Untervaz,2017-01-01
1845,3947,Zizers,Zizers,2017-01-01
1845,3951,Fläsch,Fläsch,2017-01-01
1845,3952,Jenins,Jenins,2017-01-01
1845,3953,Maienfeld,Maienfeld,2017-01-01
1845,3954,Malans,Malans,2017-01-01
1845,3955,Landquart,Landquart,2017-01-01
1849,3961,Grüsch,Grüsch,2017-01-01
1849,3962,Schiers,Schiers,2017-01-01
1849,3972,Seewis im Prättigau,Seewis im Prättigau,2017-01-01
1850,3981,Breil/Brigels,Breil/Brigels,2018-01-01
1850,3982,Disentis/Mustér,Disentis/Mustér,2017-01-01
1850,3983,Medel (Lucmagn),Medel (Lucmagn),2017-01-01
1850,3985,Sumvitg,Sumvitg,2017-01-01
1850,3986,Tujetsch,Tujetsch,2017-01-01
1850,3987,Trun,Trun,2017-01-01
1850,3988,Obersaxen Mundaun,Obersaxen Mundaun,2017-01-01
1901,4001,Aarau,Aarau,2010-01-01
1901,4002,Biberstein,Biberstein,1848-09-12
1901,4003,Buchs (AG),Buchs (AG),1848-09-12
1901,4004,Densbüren,Densbüren,1848-09-12
1901,4005,Erlinsbach (AG),Erlinsbach (AG),2006-01-01
1901,4006,Gränichen,Gränichen,1848-09-12
1901,4007,Hirschthal,Hirschthal,1848-09-12
1901,4008,Küttigen,Küttigen,1848-09-12
1901,4009,Muhen,Muhen,1848-09-12
1901,4010,Oberentfelden,Oberentfelden,1848-09-12
1901,4012,Suhr,Suhr,1848-09-12
1901,4013,Unterentfelden,Unterentfelden,1848-09-12
1902,4021,Baden,Baden,1962-01-01
1902,4022,Bellikon,Bellikon,1848-09-12
1902,4023,Bergdietikon,Bergdietikon,1848-09-12
1902,4024,Birmenstorf (AG),Birmenstorf (AG),1848-09-12
1902,4026,Ennetbaden,Ennetbaden,1848-09-12
1902,4027,Fislisbach,Fislisbach,1848-09-12
1902,4028,Freienwil,Freienwil,1848-09-12
1902,4029,Gebenstorf,Gebenstorf,1883-01-01
1902,4030,Killwangen,Killwangen,1848-09-12
1902,4031,Künten,Künten,1848-09-12
1902,4032,Mägenwil,Mägenwil,1848-09-12
1902,4033,Mellingen,Mellingen,1848-09-12
1902,4034,Neuenhof,Neuenhof,1848-09-12
1902,4035,Niederrohrdorf,Niederrohrdorf,1854-01-01
1902,4037,Oberrohrdorf,Oberrohrdorf,1854-01-01
1902,4038,Obersiggenthal,Obersiggenthal,1848-09-12
1902,4039,Remetschwil,Remetschwil,1854-01-01
1902,4040,Spreitenbach,Spreitenbach,1848-09-12
1902,4041,Stetten (AG),Stetten (AG),1848-09-12
1902,4042,Turgi,Turgi,1883-01-01
1902,4044,Untersiggenthal,Untersiggenthal,1848-09-12
1902,4045,Wettingen,Wettingen,1848-09-12
1902,4046,Wohlenschwil,Wohlenschwil,1906-01-01
1902,4047,Würenlingen,Würenlingen,1848-09-12
1902,4048,Würenlos,Würenlos,1900-01-01
1902,4049,Ehrendingen,Ehrendingen,2006-01-01
1903,4061,Arni (AG),Arni (AG),1983-01-01
1903,4062,Berikon,Berikon,1848-09-12
1903,4063,Bremgarten (AG),Bremgarten (AG),2014-01-01
1903,4064,Büttikon,Büttikon,1848-09-12
1903,4065,Dottikon,Dottikon,1848-09-12
1903,4066,Eggenwil,Eggenwil,1848-09-12
1903,4067,Fischbach-Göslikon,Fischbach-Göslikon,1848-09-12
1903,4068,Hägglingen,Hägglingen,1848-09-12
1903,4071,Jonen,Jonen,1848-09-12
1903,4072,Niederwil (AG),Niederwil (AG),1901-01-01
1903,4073,Oberlunkhofen,Oberlunkhofen,1848-09-12
1903,4074,Oberwil-Lieli,Oberwil-Lieli,1984-01-01
1903,4075,Rudolfstetten-Friedlisberg,Rudolfstetten-Friedlisb.,1953-01-01
1903,4076,Sarmenstorf,Sarmenstorf,1848-09-12
1903,4077,Tägerig,Tägerig,1848-09-12
1903,4078,Uezwil,Uezwil,1848-09-12
1903,4079,Unterlunkhofen,Unterlunkhofen,1848-09-12
1903,4080,Villmergen,Villmergen,2010-01-01
1903,4081,Widen,Widen,1848-09-12
1903,4082,Wohlen (AG),Wohlen (AG),1914-01-01
1903,4083,Zufikon,Zufikon,1848-09-12
1903,4084,Islisberg,Islisberg,1983-01-01
1904,4091,Auenstein,Auenstein,1848-09-12
1904,4092,Birr,Birr,1848-09-12
1904,4093,Birrhard,Birrhard,1848-09-12
1904,4095,Brugg,Brugg,2020-01-01
1904,4099,Habsburg,Habsburg,1848-09-12
1904,4100,Hausen (AG),Hausen (AG),2003-01-01
1904,4104,Lupfig,Lupfig,2018-01-01
1904,4105,Mandach,Mandach,1848-09-12
1904,4106,Mönthal,Mönthal,1848-09-12
1904,4107,Mülligen,Mülligen,1848-09-12
1904,4110,Remigen,Remigen,1848-09-12
1904,4111,Riniken,Riniken,1848-09-12
1904,4112,Rüfenach,Rüfenach,1898-01-01
1904,4117,Thalheim (AG),Thalheim (AG),1848-09-12
1904,4120,Veltheim (AG),Veltheim (AG),1848-09-12
1904,4121,Villigen,Villigen,2006-01-01
1904,4122,Villnachern,Villnachern,1848-09-12
1904,4123,Windisch,Windisch,1848-09-12
1904,4124,Bözberg,Bözberg,2013-01-01
1904,4125,Schinznach,Schinznach,2014-01-01
1905,4131,Beinwil am See,Beinwil am See,1848-09-12
1905,4132,Birrwil,Birrwil,1848-09-12
1905,4133,Burg (AG),Burg (AG),1848-09-12
1905,4134,Dürrenäsch,Dürrenäsch,1848-09-12
1905,4135,Gontenschwil,Gontenschwil,1848-09-12
1905,4136,Holziken,Holziken,1848-09-12
1905,4137,Leimbach (AG),Leimbach (AG),1848-09-12
1905,4138,Leutwil,Leutwil,1848-09-12
1905,4139,Menziken,Menziken,1848-09-12
1905,4140,Oberkulm,Oberkulm,1848-09-12
1905,4141,Reinach (AG),Reinach (AG),1848-09-12
1905,4142,Schlossrued,Schlossrued,1848-09-12
1905,4143,Schmiedrued,Schmiedrued,1848-09-12
1905,4144,Schöftland,Schöftland,1848-09-12
1905,4145,Teufenthal (AG),Teufenthal (AG),1848-09-12
1905,4146,Unterkulm,Unterkulm,1848-09-12
1905,4147,Zetzwil,Zetzwil,1848-09-12
1906,4161,Eiken,Eiken,1848-09-12
1906,4163,Frick,Frick,1848-09-12
1906,4164,Gansingen,Gansingen,1848-09-12
1906,4165,Gipf-Oberfrick,Gipf-Oberfrick,1848-09-12
1906,4166,Herznach,Herznach,1848-09-12
1906,4169,Kaisten,Kaisten,2010-01-01
1906,4170,Laufenburg,Laufenburg,2010-01-01
1906,4172,Münchwilen (AG),Münchwilen (AG),1848-09-12
1906,4173,Oberhof,Oberhof,1848-09-12
1906,4175,Oeschgen,Oeschgen,1848-09-12
1906,4176,Schwaderloch,Schwaderloch,1848-09-12
1906,4177,Sisseln,Sisseln,1848-09-12
1906,4179,Ueken,Ueken,1848-09-12
1906,4181,Wittnau,Wittnau,1848-09-12
1906,4182,Wölflinswil,Wölflinswil,1848-09-12
1906,4183,Zeihen,Zeihen,1853-01-01
1906,4184,Mettauertal,Mettauertal,2010-01-01
1906,4185,Böztal,Böztal,2022-01-01
1907,4191,Ammerswil,Ammerswil,1848-09-12
1907,4192,Boniswil,Boniswil,1899-01-01
1907,4193,Brunegg,Brunegg,1848-09-12
1907,4194,Dintikon,Dintikon,1848-09-12
1907,4195,Egliswil,Egliswil,1848-09-12
1907,4196,Fahrwangen,Fahrwangen,1848-09-12
1907,4197,Hallwil,Hallwil,1951-01-01
1907,4198,Hendschiken,Hendschiken,1848-09-12
1907,4199,Holderbank (AG),Holderbank (AG),1848-09-12
1907,4200,Hunzenschwil,Hunzenschwil,1848-09-12
1907,4201,Lenzburg,Lenzburg,1848-09-12
1907,4202,Meisterschwanden,Meisterschwanden,1900-01-01
1907,4203,Möriken-Wildegg,Möriken-Wildegg,1951-01-01
1907,4204,Niederlenz,Niederlenz,1848-09-12
1907,4205,Othmarsingen,Othmarsingen,1848-09-12
1907,4206,Rupperswil,Rupperswil,1848-09-12
1907,4207,Schafisheim,Schafisheim,1848-09-12
1907,4208,Seengen,Seengen,1848-09-12
1907,4209,Seon,Seon,1899-01-01
1907,4210,Staufen,Staufen,1848-09-12
1908,4221,Abtwil,Abtwil,1848-09-12
1908,4222,Aristau,Aristau,1848-09-12
1908,4223,Auw,Auw,1848-09-12
1908,4224,Beinwil (Freiamt),Beinwil (Freiamt),1951-01-01
1908,4226,Besenbüren,Besenbüren,1848-09-12
1908,4227,Bettwil,Bettwil,1848-09-12
1908,4228,Boswil,Boswil,1848-09-12
1908,4229,Bünzen,Bünzen,1940-01-01
1908,4230,Buttwil,Buttwil,1848-09-12
1908,4231,Dietwil,Dietwil,1848-09-12
1908,4232,Geltwil,Geltwil,1848-09-12
1908,4233,Kallern,Kallern,1848-09-12
1908,4234,Merenschwand,Merenschwand,2012-01-01
1908,4235,Mühlau,Mühlau,1848-09-12
1908,4236,Muri (AG),Muri (AG),1848-09-12
1908,4237,Oberrüti,Oberrüti,1848-09-12
1908,4238,Rottenschwil,Rottenschwil,1899-01-01
1908,4239,Sins,Sins,1941-01-01
1908,4240,Waltenschwil,Waltenschwil,1940-01-01
1909,4251,Hellikon,Hellikon,1848-09-12
1909,4252,Kaiseraugst,Kaiseraugst,1848-09-12
1909,4253,Magden,Magden,1848-09-12
1909,4254,Möhlin,Möhlin,1848-09-12
1909,4255,Mumpf,Mumpf,1848-09-12
1909,4256,Obermumpf,Obermumpf,1848-09-12
1909,4257,Olsberg,Olsberg,1848-09-12
1909,4258,Rheinfelden,Rheinfelden,1848-09-12
1909,4259,Schupfart,Schupfart,1848-09-12
1909,4260,Stein (AG),Stein (AG),1848-09-12
1909,4261,Wallbach,Wallbach,1848-09-12
1909,4262,Wegenstetten,Wegenstetten,1848-09-12
1909,4263,Zeiningen,Zeiningen,1848-09-12
1909,4264,Zuzgen,Zuzgen,1848-09-12
1910,4271,Aarburg,Aarburg,1848-09-12
1910,4273,Bottenwil,Bottenwil,1848-09-12
1910,4274,Brittnau,Brittnau,1848-09-12
1910,4275,Kirchleerau,Kirchleerau,1848-09-12
1910,4276,Kölliken,Kölliken,1848-09-12
1910,4277,Moosleerau,Moosleerau,1848-09-12
1910,4279,Murgenthal,Murgenthal,1901-01-01
1910,4280,Oftringen,Oftringen,1848-09-12
1910,4281,Reitnau,Reitnau,2019-01-01
1910,4282,Rothrist,Rothrist,1890-01-01
1910,4283,Safenwil,Safenwil,1848-09-12
1910,4284,Staffelbach,Staffelbach,1901-01-01
1910,4285,Strengelbach,Strengelbach,1848-09-12
1910,4286,Uerkheim,Uerkheim,1848-09-12
1910,4287,Vordemwald,Vordemwald,1848-09-12
1910,4288,Wiliberg,Wiliberg,1848-09-12
1910,4289,Zofingen,Zofingen,2002-01-01
1911,4303,Böttstein,Böttstein,1848-09-12
1911,4304,Döttingen,Döttingen,1848-09-12
1911,4305,Endingen,Endingen,2014-01-01
1911,4306,Fisibach,Fisibach,1848-09-12
1911,4307,Full-Reuenthal,Full-Reuenthal,1902-01-01
1911,4309,Klingnau,Klingnau,1848-09-12
1911,4310,Koblenz,Koblenz,1848-09-12
1911,4311,Leibstadt,Leibstadt,1866-01-01
1911,4312,Lengnau (AG),Lengnau (AG),1848-09-12
1911,4313,Leuggern,Leuggern,1902-01-01
1911,4314,Mellikon,Mellikon,1848-09-12
1911,4318,Schneisingen,Schneisingen,1848-09-12
1911,4319,Siglistorf,Siglistorf,1848-09-12
1911,4320,Tegerfelden,Tegerfelden,1848-09-12
1911,4324,Zurzach,Zurzach,2022-01-01
2011,4401,Arbon,Arbon,2011-01-01
2011,4406,Dozwil,Dozwil,2011-01-01
2011,4411,Egnach,Egnach,2011-01-01
2011,4416,Hefenhofen,Hefenhofen,2011-01-01
2011,4421,Horn,Horn,2011-01-01
2011,4426,Kesswil,Kesswil,2011-01-01
2011,4431,Roggwil (TG),Roggwil (TG),2011-01-01
2011,4436,Romanshorn,Romanshorn,2011-01-01
2011,4441,Salmsach,Salmsach,2011-01-01
2011,4446,Sommeri,Sommeri,2011-01-01
2011,4451,Uttwil,Uttwil,2011-01-01
2011,4461,Amriswil,Amriswil,2011-01-01
2015,4471,Bischofszell,Bischofszell,2011-01-01
2015,4476,Erlen,Erlen,2011-01-01
2015,4486,Hauptwil-Gottshaus,Hauptwil-Gottshaus,2011-01-01
2015,4495,Hohentannen,Hohentannen,2011-01-01
2015,4501,Kradolf-Schönenberg,Kradolf-Schönenberg,2011-01-01
2015,4506,Sulgen,Sulgen,2011-01-01
2015,4511,Zihlschlacht-Sitterdorf,Zihlschlacht-Sitterdorf,2011-01-01
2012,4536,Basadingen-Schlattingen,Basadingen-Schlattingen,2011-01-01
2012,4545,Diessenhofen,Diessenhofen,2011-01-01
2012,4546,Schlatt (TG),Schlatt (TG),2011-01-01
2014,4551,Aadorf,Aadorf,2011-01-01
2012,4561,Felben-Wellhausen,Felben-Wellhausen,2011-01-01
2012,4566,Frauenfeld,Frauenfeld,2011-01-01
2012,4571,Gachnang,Gachnang,2011-01-01
2012,4590,Hüttlingen,Hüttlingen,2011-01-01
2012,4591,Matzingen,Matzingen,2011-01-01
2012,4601,Neunforn,Neunforn,2011-01-01
2012,4606,Stettfurt,Stettfurt,2011-01-01
2012,4611,Thundorf,Thundorf,2011-01-01
2012,4616,Uesslingen-Buch,Uesslingen-Buch,2011-01-01
2012,4621,Warth-Weiningen,Warth-Weiningen,2011-01-01
2013,4641,Altnau,Altnau,2011-01-01
2013,4643,Bottighofen,Bottighofen,2011-01-01
2013,4646,Ermatingen,Ermatingen,2011-01-01
2013,4651,Gottlieben,Gottlieben,2011-01-01
2013,4656,Güttingen,Güttingen,2011-01-01
2013,4666,Kemmental,Kemmental,2011-01-01
2013,4671,Kreuzlingen,Kreuzlingen,2011-01-01
2013,4681,Langrickenbach,Langrickenbach,2011-01-01
2013,4683,Lengwil,Lengwil,2011-01-01
2013,4691,Münsterlingen,Münsterlingen,2011-01-01
2013,4696,Tägerwilen,Tägerwilen,2011-01-01
2013,4701,Wäldi,Wäldi,2011-01-01
2015,4711,Affeltrangen,Affeltrangen,2011-01-01
2014,4716,Bettwiesen,Bettwiesen,2011-01-01
2014,4721,Bichelsee-Balterswil,Bichelsee-Balterswil,2011-01-01
2014,4723,Braunau,Braunau,2011-01-01
2014,4724,Eschlikon,Eschlikon,2011-01-01
2014,4726,Fischingen,Fischingen,2011-01-01
2014,4741,Lommis,Lommis,2011-01-01
2014,4746,Münchwilen (TG),Münchwilen (TG),2011-01-01
2014,4751,Rickenbach (TG),Rickenbach (TG),2011-01-01
2015,4756,Schönholzerswilen,Schönholzerswilen,2011-01-01
2014,4761,Sirnach,Sirnach,2011-01-01
2014,4776,Tobel-Tägerschen,Tobel-Tägerschen,2011-01-01
2014,4781,Wängi,Wängi,2011-01-01
2014,4786,Wilen (TG),Wilen (TG),2011-01-01
2015,4791,Wuppenau,Wuppenau,2011-01-01
2012,4801,Berlingen,Berlingen,2011-01-01
2012,4806,Eschenz,Eschenz,2011-01-01
2012,4811,Herdern,Herdern,2011-01-01
2012,4816,Homburg,Homburg,2011-01-01
2012,4821,Hüttwilen,Hüttwilen,2011-01-01
2012,4826,Mammern,Mammern,2011-01-01
2012,4831,Müllheim,Müllheim,2011-01-01
2012,4841,Pfyn,Pfyn,2011-01-01
2013,4846,Raperswilen,Raperswilen,2011-01-01
2013,4851,Salenstein,Salenstein,2011-01-01
2012,4864,Steckborn,Steckborn,2011-01-01
2012,4871,Wagenhausen,Wagenhausen,2011-01-01
2015,4881,Amlikon-Bissegg,Amlikon-Bissegg,2011-01-01
2015,4891,Berg (TG),Berg (TG),2011-01-01
2015,4901,Birwinken,Birwinken,2011-01-01
2015,4911,Bürglen (TG),Bürglen (TG),2011-01-01
2015,4921,Bussnang,Bussnang,2011-01-01
2015,4941,Märstetten,Märstetten,2011-01-01
2015,4946,Weinfelden,Weinfelden,2011-01-01
2015,4951,Wigoltingen,Wigoltingen,2011-01-01
2101,5001,Arbedo-Castione,Arbedo-Castione,1848-09-12
2101,5002,Bellinzona,Bellinzona,2017-04-02
2101,5003,Cadenazzo,Cadenazzo,2005-03-13
2101,5009,Isone,Isone,1848-09-12
2101,5010,Lumino,Lumino,1848-09-12
2101,5017,Sant'Antonino,Sant'Antonino,1848-09-12
2102,5048,Acquarossa,Acquarossa,2004-04-04
2102,5049,Blenio,Blenio,2006-10-22
2102,5050,Serravalle,Serravalle,2012-04-01
2103,5061,Airolo,Airolo,1848-09-12
2103,5063,Bedretto,Bedretto,1848-09-12
2103,5064,Bodio,Bodio,1848-09-12
2103,5071,Dalpe,Dalpe,1848-09-12
2103,5072,Faido,Faido,2016-04-10
2103,5073,Giornico,Giornico,1848-09-12
2103,5076,Personico,Personico,1848-09-12
2103,5077,Pollegio,Pollegio,1848-09-12
2103,5078,Prato (Leventina),Prato (Leventina),1939-01-01
2103,5079,Quinto,Quinto,1848-09-12
2104,5091,Ascona,Ascona,1848-09-12
2104,5096,Brione sopra Minusio,Brione sopra Minusio,1848-09-12
2104,5097,Brissago,Brissago,1848-09-12
2104,5108,Gordola,Gordola,1848-09-12
2104,5112,Lavertezzo,Lavertezzo,2020-10-18
2104,5113,Locarno,Locarno,1928-01-01
2104,5115,Losone,Losone,1848-09-12
2104,5117,Mergoscia,Mergoscia,1848-09-12
2104,5118,Minusio,Minusio,1848-09-12
2104,5120,Muralto,Muralto,1881-01-01
2104,5121,Orselina,Orselina,1881-01-01
2104,5125,Ronco sopra Ascona,Ronco sopra Ascona,1848-09-12
2104,5131,Tenero-Contra,Tenero-Contra,1914-01-01
2104,5136,Onsernone,Onsernone,2016-04-10
2104,5138,Cugnasco-Gerra,Cugnasco-Gerra,2020-10-18
2105,5141,Agno,Agno,1848-09-12
2105,5143,Aranno,Aranno,1848-09-12
2105,5144,Arogno,Arogno,1848-09-12
2105,5146,Astano,Astano,1848-09-12
2105,5148,Bedano,Bedano,1848-09-12
2105,5149,Bedigliora,Bedigliora,1848-09-12
2105,5151,Bioggio,Bioggio,2008-04-20
2105,5154,Bissone,Bissone,1848-09-12
2105,5160,Brusino Arsizio,Brusino Arsizio,1848-09-12
2105,5161,Cademario,Cademario,1848-09-12
2105,5162,Cadempino,Cadempino,1848-09-12
2105,5167,Canobbio,Canobbio,1848-09-12
2105,5171,Caslano,Caslano,1848-09-12
2105,5176,Comano,Comano,1848-09-12
2105,5180,Cureglia,Cureglia,1848-09-12
2105,5181,Curio,Curio,1848-09-12
2105,5186,Grancia,Grancia,1848-09-12
2105,5187,Gravesano,Gravesano,1848-09-12
2105,5189,Lamone,Lamone,1848-09-12
2105,5192,Lugano,Lugano,2013-04-14
2105,5193,Magliaso,Magliaso,1848-09-12
2105,5194,Manno,Manno,1848-09-12
2105,5195,Maroggia,Maroggia,1848-09-12
2105,5196,Massagno,Massagno,1848-09-12
2105,5197,Melano,Melano,1848-09-12
2105,5198,Melide,Melide,1848-09-12
2105,5199,Mezzovico-Vira,Mezzovico-Vira,1848-09-12
2105,5200,Miglieglia,Miglieglia,1848-09-12
2105,5203,Morcote,Morcote,1848-09-12
2105,5205,Muzzano,Muzzano,1848-09-12
2105,5206,Neggio,Neggio,1848-09-12
2105,5207,Novaggio,Novaggio,1848-09-12
2105,5208,Origlio,Origlio,1848-09-12
2105,5210,Paradiso,Paradiso,1929-01-01
2105,5212,Ponte Capriasca,Ponte Capriasca,1848-09-12
2105,5214,Porza,Porza,1848-09-12
2105,5216,Pura,Pura,1848-09-12
2105,5219,Rovio,Rovio,1848-09-12
2105,5221,Savosa,Savosa,1848-09-12
2105,5225,Sorengo,Sorengo,1848-09-12
2105,5226,Capriasca,Capriasca,2008-04-20
2105,5227,Torricella-Taverne,Torricella-Taverne,1848-09-12
2105,5230,Vernate,Vernate,1848-09-12
2105,5231,Vezia,Vezia,1848-09-12
2105,5233,Vico Morcote,Vico Morcote,1848-09-12
2105,5236,Collina d'Oro,Collina d'Oro,2012-04-01
2105,5237,Alto Malcantone,Alto Malcantone,2005-03-13
2105,5238,Monteceneri,Monteceneri,2010-11-21
2105,5239,Tresa,Tresa,2021-04-18
2106,5242,Balerna,Balerna,1848-09-12
2106,5249,Castel San Pietro,Castel San Pietro,2004-04-04
2106,5250,Chiasso,Chiasso,1976-04-04
2106,5251,Coldrerio,Coldrerio,1848-09-12
2106,5254,Mendrisio,Mendrisio,2013-04-14
2106,5257,Morbio Inferiore,Morbio Inferiore,1848-09-12
2106,5260,Novazzano,Novazzano,1848-09-12
2106,5263,Riva San Vitale,Riva San Vitale,1848-09-12
2106,5266,Stabio,Stabio,1848-09-12
2106,5268,Vacallo,Vacallo,1848-09-12
2106,5269,Breggia,Breggia,2009-10-25
2107,5281,Biasca,Biasca,1848-09-12
2107,5287,Riviera,Riviera,2017-04-02
2108,5304,Bosco/Gurin,Bosco/Gurin,1934-01-01
2108,5307,Campo (Vallemaggia),Campo (Vallemaggia),1848-09-12
2108,5309,Cerentino,Cerentino,1848-09-12
2108,5310,Cevio,Cevio,2006-10-22
2108,5315,Linescio,Linescio,1858-01-01
2108,5317,Maggia,Maggia,2004-04-04
2108,5323,Lavizzara,Lavizzara,2004-04-04
2108,5324,Avegno Gordevio,Avegno Gordevio,2008-04-20
2104,5396,Terre di Pedemonte,Terre di Pedemonte,2013-04-14
2104,5397,Centovalli,Centovalli,2009-10-25
2104,5398,Gambarogno,Gambarogno,2010-04-25
2104,5399,Verzasca,Verzasca,2020-10-18
2221,5401,Aigle,Aigle,2006-09-01
2221,5402,Bex,Bex,2006-09-01
2221,5403,Chessel,Chessel,2006-09-01
2221,5404,Corbeyrier,Corbeyrier,2006-09-01
2221,5405,Gryon,Gryon,2006-09-01
2221,5406,Lavey-Morcles,Lavey-Morcles,2006-09-01
2221,5407,Leysin,Leysin,2006-09-01
2221,5408,Noville,Noville,2006-09-01
2221,5409,Ollon,Ollon,2006-09-01
2221,5410,Ormont-Dessous,Ormont-Dessous,2006-09-01
2221,5411,Ormont-Dessus,Ormont-Dessus,2006-09-01
2221,5412,Rennaz,Rennaz,2006-09-01
2221,5413,Roche (VD),Roche (VD),2006-09-01
2221,5414,Villeneuve (VD),Villeneuve (VD),2006-09-01
2221,5415,Yvorne,Yvorne,2006-09-01
2227,5422,Aubonne,Aubonne,2021-01-01
2227,5423,Ballens,Ballens,2006-09-01
2227,5424,Berolle,Berolle,2006-09-01
2227,5425,Bière,Bière,2006-09-01
2227,5426,Bougy-Villars,Bougy-Villars,2006-09-01
2227,5427,Féchy,Féchy,2006-09-01
2227,5428,Gimel,Gimel,2006-09-01
2228,5429,Longirod,Longirod,2006-09-01
2228,5430,Marchissy,Marchissy,2006-09-01
2227,5431,Mollens (VD),Mollens (VD),2006-09-01
2228,5434,Saint-George,Saint-George,2006-09-01
2227,5435,Saint-Livres,Saint-Livres,2006-09-01
2227,5436,Saint-Oyens,Saint-Oyens,2006-09-01
2227,5437,Saubraz,Saubraz,2006-09-01
2222,5451,Avenches,Avenches,2011-07-01
2222,5456,Cudrefin,Cudrefin,2006-09-01
2222,5458,Faoug,Faoug,2006-09-01
2222,5464,Vully-les-Lacs,Vully-les-Lacs,2011-07-01
2223,5471,Bettens,Bettens,2006-09-01
2223,5472,Bournens,Bournens,2006-09-01
2223,5473,Boussens,Boussens,2006-09-01
2227,5474,La Chaux (Cossonay),La Chaux (Cossonay),2006-09-01
2227,5475,Chavannes-le-Veyron,Chavannes-le-Veyron,2006-09-01
2227,5476,Chevilly,Chevilly,2006-09-01
2227,5477,Cossonay,Cossonay,2006-09-01
2227,5479,Cuarnens,Cuarnens,2006-09-01
2223,5480,Daillens,Daillens,2006-09-01
2227,5481,Dizy,Dizy,2006-09-01
2227,5482,Eclépens,Eclépens,2006-09-01
2227,5483,Ferreyres,Ferreyres,2006-09-01
2227,5484,Gollion,Gollion,2006-09-01
2227,5485,Grancy,Grancy,2006-09-01
2227,5486,L'Isle,L'Isle,2006-09-01
2223,5487,Lussery-Villars,Lussery-Villars,2006-09-01
2227,5488,Mauraz,Mauraz,2006-09-01
2223,5489,Mex (VD),Mex (VD),2006-09-01
2227,5490,Moiry,Moiry,2006-09-01
2227,5491,Mont-la-Ville,Mont-la-Ville,2006-09-01
2227,5492,Montricher,Montricher,2006-09-01
2227,5493,Orny,Orny,2006-09-01
2223,5495,Penthalaz,Penthalaz,2006-09-01
2223,5496,Penthaz,Penthaz,2006-09-01
2227,5497,Pompaples,Pompaples,2006-09-01
2227,5498,La Sarraz,La Sarraz,2006-09-01
2227,5499,Senarclens,Senarclens,2006-09-01
2223,5501,Sullens,Sullens,2006-09-01
2223,5503,Vufflens-la-Ville,Vufflens-la-Ville,2006-09-01
2223,5511,Assens,Assens,2021-07-01
2223,5512,Bercher,Bercher,2006-09-01
2223,5514,Bottens,Bottens,2006-09-01
2223,5515,Bretigny-sur-Morrens,Bretigny-sur-Morrens,2006-09-01
2223,5516,Cugy (VD),Cugy (VD),2006-09-01
2223,5518,Echallens,Echallens,2006-09-01
2223,5520,Essertines-sur-Yverdon,Essertines-sur-Yverdon,2006-09-01
2223,5521,Etagnières,Etagnières,2006-09-01
2223,5522,Fey,Fey,2006-09-01
2223,5523,Froideville,Froideville,2006-09-01
2223,5527,Morrens (VD),Morrens (VD),2006-09-01
2223,5529,Oulens-sous-Echallens,Oulens-sous-Echallens,2006-09-01
2223,5530,Pailly,Pailly,2006-09-01
2223,5531,Penthéréaz,Penthéréaz,2006-09-01
2223,5533,Poliez-Pittet,Poliez-Pittet,2006-09-01
2223,5534,Rueyres,Rueyres,2006-09-01
2223,5535,Saint-Barthélemy (VD),Saint-Barthélemy (VD),2006-09-01
2223,5537,Villars-le-Terroir,Villars-le-Terroir,2006-09-01
2223,5539,Vuarrens,Vuarrens,2006-09-01
2223,5540,Montilliez,Montilliez,2011-07-01
2223,5541,Goumoëns,Goumoëns,2011-07-01
2224,5551,Bonvillars,Bonvillars,2006-09-01
2224,5552,Bullet,Bullet,2006-09-01
2224,5553,Champagne,Champagne,2006-09-01
2224,5554,Concise,Concise,2006-09-01
2224,5555,Corcelles-près-Concise,Corcelles-près-Concise,2006-09-01
2224,5556,Fiez,Fiez,2006-09-01
2224,5557,Fontaines-sur-Grandson,Fontaines-sur-Grandson,2006-09-01
2224,5559,Giez,Giez,2006-09-01
2224,5560,Grandevent,Grandevent,2006-09-01
2224,5561,Grandson,Grandson,2006-09-01
2224,5562,Mauborget,Mauborget,2006-09-01
2224,5563,Mutrux,Mutrux,2006-09-01
2224,5564,Novalles,Novalles,2006-09-01
2224,5565,Onnens (VD),Onnens (VD),2006-09-01
2224,5566,Provence,Provence,2006-09-01
2224,5568,Sainte-Croix,Sainte-Croix,2006-09-01
2224,5571,Tévenon,Tévenon,2011-07-01
2226,5581,Belmont-sur-Lausanne,Belmont-sur-Lausanne,2006-09-01
2225,5582,Cheseaux-sur-Lausanne,Cheseaux-sur-Lausanne,2006-09-01
2229,5583,Crissier,Crissier,2006-09-01
2225,5584,Epalinges,Epalinges,2006-09-01
2225,5585,Jouxtens-Mézery,Jouxtens-Mézery,2006-09-01
2225,5586,Lausanne,Lausanne,2006-09-01
2225,5587,Le Mont-sur-Lausanne,Le Mont-sur-Lausanne,2006-09-01
2226,5588,Paudex,Paudex,2006-09-01
2229,5589,Prilly,Prilly,2006-09-01
2226,5590,Pully,Pully,2006-09-01
2229,5591,Renens (VD),Renens (VD),2006-09-01
2225,5592,Romanel-sur-Lausanne,Romanel-sur-Lausanne,2006-09-01
2226,5601,Chexbres,Chexbres,2006-09-01
2226,5604,Forel (Lavaux),Forel (Lavaux),2006-09-01
2226,5606,Lutry,Lutry,2006-09-01
2226,5607,Puidoux,Puidoux,2006-09-01
2226,5609,Rivaz,Rivaz,2006-09-01
2226,5610,Saint-Saphorin (Lavaux),Saint-Saphorin (Lavaux),2006-09-01
2226,5611,Savigny,Savigny,2006-09-01
2226,5613,Bourg-en-Lavaux,Bourg-en-Lavaux,2011-07-01
2227,5621,Aclens,Aclens,2006-09-01
2227,5622,Bremblens,Bremblens,2006-09-01
2227,5623,Buchillon,Buchillon,2006-09-01
2229,5624,Bussigny,Bussigny,2014-05-01
2229,5627,Chavannes-près-Renens,Chavannes-près-Renens,2006-09-01
2227,5628,Chigny,Chigny,2006-09-01
2227,5629,Clarmont,Clarmont,2006-09-01
2227,5631,Denens,Denens,2006-09-01
2227,5632,Denges,Denges,2006-09-01
2227,5633,Echandens,Echandens,2006-09-01
2227,5634,Echichens,Echichens,2011-07-01
2229,5635,Ecublens (VD),Ecublens (VD),2006-09-01
2227,5636,Etoy,Etoy,2006-09-01
2227,5637,Lavigny,Lavigny,2006-09-01
2227,5638,Lonay,Lonay,2006-09-01
2227,5639,Lully (VD),Lully (VD),2006-09-01
2227,5640,Lussy-sur-Morges,Lussy-sur-Morges,2006-09-01
2227,5642,Morges,Morges,2006-09-01
2227,5643,Préverenges,Préverenges,2006-09-01
2227,5645,Romanel-sur-Morges,Romanel-sur-Morges,2006-09-01
2227,5646,Saint-Prex,Saint-Prex,2006-09-01
2229,5648,Saint-Sulpice (VD),Saint-Sulpice (VD),2006-09-01
2227,5649,Tolochenaz,Tolochenaz,2006-09-01
2227,5650,Vaux-sur-Morges,Vaux-sur-Morges,2006-09-01
2229,5651,Villars-Sainte-Croix,Villars-Sainte-Croix,2006-09-01
2227,5652,Villars-sous-Yens,Villars-sous-Yens,2006-09-01
2227,5653,Vufflens-le-Château,Vufflens-le-Château,2006-09-01
2227,5654,Vullierens,Vullierens,2006-09-01
2227,5655,Yens,Yens,2006-09-01
2227,5656,Hautemorges,Hautemorges,2021-07-01
2223,5661,Boulens,Boulens,2006-09-01
2222,5663,Bussy-sur-Moudon,Bussy-sur-Moudon,2006-09-01
2222,5665,Chavannes-sur-Moudon,Chavannes-sur-Moudon,2006-09-01
2222,5669,Curtilles,Curtilles,2006-09-01
2222,5671,Dompierre (VD),Dompierre (VD),2006-09-01
2222,5673,Hermenches,Hermenches,2006-09-01
2222,5674,Lovatens,Lovatens,2006-09-01
2222,5675,Lucens,Lucens,2017-01-01
2222,5678,Moudon,Moudon,2006-09-01
2223,5680,Ogens,Ogens,2006-09-01
2222,5683,Prévonloup,Prévonloup,2006-09-01
2222,5684,Rossenges,Rossenges,2006-09-01
2222,5688,Syens,Syens,2006-09-01
2222,5690,Villars-le-Comte,Villars-le-Comte,2006-09-01
2222,5692,Vucherens,Vucherens,2006-09-01
2223,5693,Montanaire,Montanaire,2013-01-01
2228,5701,Arnex-sur-Nyon,Arnex-sur-Nyon,2006-09-01
2228,5702,Arzier-Le Muids,Arzier-Le Muids,2014-05-01
2228,5703,Bassins,Bassins,2006-09-01
2228,5704,Begnins,Begnins,2006-09-01
2228,5705,Bogis-Bossey,Bogis-Bossey,2006-09-01
2228,5706,Borex,Borex,2006-09-01
2228,5707,Chavannes-de-Bogis,Chavannes-de-Bogis,2006-09-01
2228,5708,Chavannes-des-Bois,Chavannes-des-Bois,2006-09-01
2228,5709,Chéserex,Chéserex,2006-09-01
2228,5710,Coinsins,Coinsins,2006-09-01
2228,5711,Commugny,Commugny,2006-09-01
2228,5712,Coppet,Coppet,2006-09-01
2228,5713,Crans (VD),Crans (VD),2021-01-01
2228,5714,Crassier,Crassier,2006-09-01
2228,5715,Duillier,Duillier,2006-09-01
2228,5716,Eysins,Eysins,2006-09-01
2228,5717,Founex,Founex,2006-09-01
2228,5718,Genolier,Genolier,2006-09-01
2228,5719,Gingins,Gingins,2006-09-01
2228,5720,Givrins,Givrins,2006-09-01
2228,5721,Gland,Gland,2006-09-01
2228,5722,Grens,Grens,2006-09-01
2228,5723,Mies,Mies,2006-09-01
2228,5724,Nyon,Nyon,2006-09-01
2228,5725,Prangins,Prangins,2006-09-01
2228,5726,La Rippe,La Rippe,2006-09-01
2228,5727,Saint-Cergue,Saint-Cergue,2006-09-01
2228,5728,Signy-Avenex,Signy-Avenex,2006-09-01
2228,5729,Tannay,Tannay,2006-09-01
2228,5730,Trélex,Trélex,2006-09-01
2228,5731,Le Vaud,Le Vaud,2006-09-01
2228,5732,Vich,Vich,2006-09-01
2224,5741,L'Abergement,L'Abergement,2006-09-01
2224,5742,Agiez,Agiez,2006-09-01
2224,5743,Arnex-sur-Orbe,Arnex-sur-Orbe,2006-09-01
2224,5744,Ballaigues,Ballaigues,2006-09-01
2224,5745,Baulmes,Baulmes,2006-09-01
2224,5746,Bavois,Bavois,2006-09-01
2224,5747,Bofflens,Bofflens,2006-09-01
2224,5748,Bretonnières,Bretonnières,2006-09-01
2224,5749,Chavornay,Chavornay,2017-01-01
2224,5750,Les Clées,Les Clées,2006-09-01
2224,5752,Croy,Croy,2006-09-01
2224,5754,Juriens,Juriens,2006-09-01
2224,5755,Lignerolle,Lignerolle,2006-09-01
2224,5756,Montcherand,Montcherand,2006-09-01
2224,5757,Orbe,Orbe,2006-09-01
2224,5758,La Praz,La Praz,2006-09-01
2224,5759,Premier,Premier,2006-09-01
2224,5760,Rances,Rances,2006-09-01
2224,5761,Romainmôtier-Envy,Romainmôtier-Envy,2006-09-01
2224,5762,Sergey,Sergey,2006-09-01
2224,5763,Valeyres-sous-Rances,Valeyres-sous-Rances,2006-09-01
2224,5764,Vallorbe,Vallorbe,2006-09-01
2224,5765,Vaulion,Vaulion,2006-09-01
2224,5766,Vuiteboeuf,Vuiteboeuf,2006-09-01
2222,5785,Corcelles-le-Jorat,Corcelles-le-Jorat,2006-09-01
2226,5790,Maracon,Maracon,2006-09-01
2226,5792,Montpreveyres,Montpreveyres,2006-09-01
2222,5798,Ropraz,Ropraz,2006-09-01
2226,5799,Servion,Servion,2012-01-01
2222,5803,Vulliens,Vulliens,2006-09-01
2223,5804,Jorat-Menthue,Jorat-Menthue,2011-07-01
2226,5805,Oron,Oron,2022-01-01
2226,5806,Jorat-Mézières,Jorat-Mézières,2016-07-01
2222,5812,Champtauroz,Champtauroz,2006-09-01
2222,5813,Chevroux,Chevroux,2006-09-01
2222,5816,Corcelles-près-Payerne,Corcelles-près-Payerne,2006-09-01
2222,5817,Grandcour,Grandcour,2006-09-01
2222,5819,Henniez,Henniez,2006-09-01
2222,5821,Missy,Missy,2006-09-01
2222,5822,Payerne,Payerne,2006-09-01
2222,5827,Trey,Trey,2006-09-01
2222,5828,Treytorrens (Payerne),Treytorrens (Payerne),2006-09-01
2222,5830,Villarzel,Villarzel,2006-09-01
2222,5831,Valbroye,Valbroye,2011-07-01
2230,5841,Château-d'Oex,Château-d'Oex,2006-09-01
2230,5842,Rossinière,Rossinière,2006-09-01
2230,5843,Rougemont,Rougemont,2006-09-01
2227,5851,Allaman,Allaman,2006-09-01
2228,5852,Bursinel,Bursinel,2006-09-01
2228,5853,Bursins,Bursins,2006-09-01
2228,5854,Burtigny,Burtigny,2006-09-01
2228,5855,Dully,Dully,2006-09-01
2228,5856,Essertines-sur-Rolle,Essertines-sur-Rolle,2006-09-01
2228,5857,Gilly,Gilly,2006-09-01
2228,5858,Luins,Luins,2006-09-01
2228,5859,Mont-sur-Rolle,Mont-sur-Rolle,2006-09-01
2228,5860,Perroy,Perroy,2006-09-01
2228,5861,Rolle,Rolle,2006-09-01
2228,5862,Tartegnin,Tartegnin,2006-09-01
2228,5863,Vinzel,Vinzel,2006-09-01
2224,5871,L'Abbaye,L'Abbaye,2006-09-01
2224,5872,Le Chenit,Le Chenit,2006-09-01
2224,5873,Le Lieu,Le Lieu,2006-09-01
2230,5882,Chardonne,Chardonne,2006-09-01
2230,5883,Corseaux,Corseaux,2006-09-01
2230,5884,Corsier-sur-Vevey,Corsier-sur-Vevey,2006-09-01
2230,5885,Jongny,Jongny,2006-09-01
2230,5886,Montreux,Montreux,2006-09-01
2230,5889,La Tour-de-Peilz,La Tour-de-Peilz,2006-09-01
2230,5890,Vevey,Vevey,2006-09-01
2230,5891,Veytaux,Veytaux,2006-09-01
2230,5892,Blonay - Saint-Légier,Blonay - Saint-Légier,2022-01-01
2224,5902,Belmont-sur-Yverdon,Belmont-sur-Yverdon,2006-09-01
2224,5903,Bioley-Magnoux,Bioley-Magnoux,2006-09-01
2224,5904,Chamblon,Chamblon,2006-09-01
2224,5905,Champvent,Champvent,2012-01-01
2224,5907,Chavannes-le-Chêne,Chavannes-le-Chêne,2006-09-01
2224,5908,Chêne-Pâquier,Chêne-Pâquier,2006-09-01
2224,5909,Cheseaux-Noréaz,Cheseaux-Noréaz,2006-09-01
2224,5910,Cronay,Cronay,2006-09-01
2224,5911,Cuarny,Cuarny,2006-09-01
2224,5912,Démoret,Démoret,2006-09-01
2224,5913,Donneloye,Donneloye,2012-01-01
2224,5914,Ependes (VD),Ependes (VD),2006-09-01
2224,5919,Mathod,Mathod,2006-09-01
2224,5921,Molondin,Molondin,2006-09-01
2224,5922,Montagny-près-Yverdon,Montagny-près-Yverdon,2006-09-01
2223,5923,Oppens,Oppens,2006-09-01
2224,5924,Orges,Orges,2006-09-01
2224,5925,Orzens,Orzens,2006-09-01
2224,5926,Pomy,Pomy,2006-09-01
2224,5928,Rovray,Rovray,2006-09-01
2224,5929,Suchy,Suchy,2006-09-01
2224,5930,Suscévaz,Suscévaz,2006-09-01
2224,5931,Treycovagnes,Treycovagnes,2006-09-01
2224,5932,Ursins,Ursins,2006-09-01
2224,5933,Valeyres-sous-Montagny,Valeyres-sous-Montagny,2006-09-01
2224,5934,Valeyres-sous-Ursins,Valeyres-sous-Ursins,2006-09-01
2224,5935,Villars-Epeney,Villars-Epeney,2006-09-01
2224,5937,Vugelles-La Mothe,Vugelles-La Mothe,2006-09-01
2224,5938,Yverdon-les-Bains,Yverdon-les-Bains,2011-07-01
2224,5939,Yvonand,Yvonand,2006-09-01
2301,6002,Brig-Glis,Brig-Glis,1972-10-01
2301,6004,Eggerberg,Eggerberg,1848-09-12
2301,6007,Naters,Naters,2013-01-01
2301,6008,Ried-Brig,Ried-Brig,1994-01-01
2301,6009,Simplon,Simplon,1848-09-12
2301,6010,Termen,Termen,1848-09-12
2301,6011,Zwischbergen,Zwischbergen,1848-09-12
2302,6021,Ardon,Ardon,1848-09-12
2302,6022,Chamoson,Chamoson,1848-09-12
2302,6023,Conthey,Conthey,1880-01-01
2302,6024,Nendaz,Nendaz,1848-09-12
2302,6025,Vétroz,Vétroz,1880-01-01
2303,6032,Bourg-Saint-Pierre,Bourg-Saint-Pierre,1848-09-12
2303,6033,Liddes,Liddes,1848-09-12
2303,6034,Orsières,Orsières,1848-09-12
2303,6035,Sembrancher,Sembrancher,1848-09-12
2303,6037,Val de Bagnes,Val de Bagnes,2021-01-01
2304,6052,Bellwald,Bellwald,1848-09-12
2304,6054,Binn,Binn,1848-09-12
2304,6056,Ernen,Ernen,2004-10-01
2304,6057,Fiesch,Fiesch,1848-09-12
2304,6058,Fieschertal,Fieschertal,1848-09-12
2304,6061,Lax,Lax,1848-09-12
2304,6076,Obergoms,Obergoms,2009-01-01
2304,6077,Goms,Goms,2017-01-01
2305,6082,Ayent,Ayent,1848-09-12
2305,6083,Evolène,Evolène,1848-09-12
2305,6084,Hérémence,Hérémence,1848-09-12
2305,6087,Saint-Martin (VS),Saint-Martin (VS),1848-09-12
2305,6089,Vex,Vex,1848-09-12
2305,6090,Mont-Noble,Mont-Noble,2011-01-01
2306,6101,Agarn,Agarn,1848-09-12
2306,6102,Albinen,Albinen,1848-09-12
2306,6104,Ergisch,Ergisch,1848-09-12
2306,6109,Inden,Inden,1848-09-12
2306,6110,Leuk,Leuk,2013-01-01
2306,6111,Leukerbad,Leukerbad,1848-09-12
2306,6112,Oberems,Oberems,1848-09-12
2306,6113,Salgesch,Salgesch,1848-09-12
2306,6116,Varen,Varen,1848-09-12
2306,6117,Guttet-Feschel,Guttet-Feschel,2000-10-01
2306,6118,Gampel-Bratsch,Gampel-Bratsch,2009-01-01
2306,6119,Turtmann-Unterems,Turtmann-Unterems,2013-01-01
2307,6131,Bovernier,Bovernier,1848-09-12
2307,6133,Fully,Fully,1848-09-12
2307,6134,Isérables,Isérables,1848-09-12
2307,6135,Leytron,Leytron,1848-09-12
2307,6136,Martigny,Martigny,2021-01-01
2307,6137,Martigny-Combe,Martigny-Combe,1900-01-01
2307,6139,Riddes,Riddes,1848-09-12
2307,6140,Saillon,Saillon,1848-09-12
2307,6141,Saxon,Saxon,1848-09-12
2307,6142,Trient,Trient,1900-01-01
2308,6151,Champéry,Champéry,1848-09-12
2308,6152,Collombey-Muraz,Collombey-Muraz,1848-09-12
2308,6153,Monthey,Monthey,1848-09-12
2308,6154,Port-Valais,Port-Valais,1848-09-12
2308,6155,Saint-Gingolph,Saint-Gingolph,1848-09-12
2308,6156,Troistorrents,Troistorrents,1848-09-12
2308,6157,Val-d'Illiez,Val-d'Illiez,1848-09-12
2308,6158,Vionnaz,Vionnaz,1848-09-12
2308,6159,Vouvry,Vouvry,1848-09-12
2309,6172,Bister,Bister,1848-09-12
2309,6173,Bitsch,Bitsch,1848-09-12
2309,6177,Grengiols,Grengiols,1848-09-12
2309,6181,Riederalp,Riederalp,2003-11-01
2309,6191,Ausserberg,Ausserberg,1923-01-01
2309,6192,Blatten,Blatten,1848-09-12
2309,6193,Bürchen,Bürchen,1848-09-12
2309,6194,Eischoll,Eischoll,1848-09-12
2309,6195,Ferden,Ferden,1848-09-12
2309,6197,Kippel,Kippel,1848-09-12
2309,6198,Niedergesteln,Niedergesteln,1848-09-12
2309,6199,Raron,Raron,1848-09-12
2309,6201,Unterbäch,Unterbäch,1848-09-12
2309,6202,Wiler (Lötschen),Wiler (Lötschen),1848-09-12
2309,6203,Mörel-Filet,Mörel-Filet,2009-01-01
2309,6204,Steg-Hohtenn,Steg-Hohtenn,2009-01-01
2309,6205,Bettmeralp,Bettmeralp,2014-01-01
2310,6211,Collonges,Collonges,1848-09-12
2310,6212,Dorénaz,Dorénaz,1848-09-12
2310,6213,Evionnaz,Evionnaz,1848-09-12
2310,6214,Finhaut,Finhaut,1848-09-12
2310,6215,Massongex,Massongex,1848-09-12
2310,6217,Saint-Maurice,Saint-Maurice,2013-01-01
2310,6218,Salvan,Salvan,1913-01-01
2310,6219,Vernayaz,Vernayaz,1913-01-01
2310,6220,Vérossaz,Vérossaz,1848-09-12
2311,6232,Chalais,Chalais,1848-09-12
2311,6235,Chippis,Chippis,1848-09-12
2311,6238,Grône,Grône,1848-09-12
2311,6239,Icogne,Icogne,1905-01-01
2311,6240,Lens,Lens,1905-01-01
2311,6246,Saint-Léonard,Saint-Léonard,1848-09-12
2311,6248,Sierre,Sierre,1972-10-01
2311,6252,Anniviers,Anniviers,2009-01-01
2311,6253,Crans-Montana,Crans-Montana,2017-01-01
2311,6254,Noble-Contrée,Noble-Contrée,2021-01-01
2312,6261,Arbaz,Arbaz,1848-09-12
2312,6263,Grimisuat,Grimisuat,1848-09-12
2312,6265,Savièse,Savièse,1848-09-12
2312,6266,Sion,Sion,2017-01-01
2312,6267,Veysonnaz,Veysonnaz,1848-09-12
2313,6281,Baltschieder,Baltschieder,1848-09-12
2313,6282,Eisten,Eisten,1848-09-12
2313,6283,Embd,Embd,1848-09-12
2313,6285,Grächen,Grächen,1848-09-12
2313,6286,Lalden,Lalden,1848-09-12
2313,6287,Randa,Randa,1848-09-12
2313,6288,Saas-Almagell,Saas-Almagell,2007-01-01
2313,6289,Saas-Balen,Saas-Balen,2007-01-01
2313,6290,Saas-Fee,Saas-Fee,2007-01-01
2313,6291,Saas-Grund,Saas-Grund,2007-01-01
2313,6292,St. Niklaus,St. Niklaus,1870-01-01
2313,6293,Stalden (VS),Stalden (VS),1848-09-12
2313,6294,Staldenried,Staldenried,1848-09-12
2313,6295,Täsch,Täsch,1848-09-12
2313,6296,Törbel,Törbel,1848-09-12
2313,6297,Visp,Visp,1972-10-01
2313,6298,Visperterminen,Visperterminen,1848-09-12
2313,6299,Zeneggen,Zeneggen,1848-09-12
2313,6300,Zermatt,Zermatt,1848-09-12
2400,6404,Boudry,Boudry,2018-01-01
2400,6408,Cortaillod,Cortaillod,2018-01-01
2400,6413,Rochefort,Rochefort,2018-01-01
2400,6416,Milvignes,Milvignes,2018-01-01
2400,6417,La Grande Béroche,La Grande Béroche,2018-04-01
2400,6421,La Chaux-de-Fonds,La Chaux-de-Fonds,2018-01-01
2400,6422,Les Planchettes,Les Planchettes,2018-01-01
2400,6423,La Sagne,La Sagne,2018-01-01
2400,6432,La Brévine,La Brévine,2018-01-01
2400,6433,Brot-Plamboz,Brot-Plamboz,2018-01-01
2400,6434,Le Cerneux-Péquignot,Le Cerneux-Péquignot,2018-01-01
2400,6435,La Chaux-du-Milieu,La Chaux-du-Milieu,2018-01-01
2400,6436,Le Locle,Le Locle,2021-01-01
2400,6437,Les Ponts-de-Martel,Les Ponts-de-Martel,2018-01-01
2400,6451,Cornaux,Cornaux,2018-01-01
2400,6452,Cressier (NE),Cressier (NE),2018-01-01
2400,6453,Enges,Enges,2018-01-01
2400,6454,Hauterive (NE),Hauterive (NE),2018-01-01
2400,6455,Le Landeron,Le Landeron,2018-01-01
2400,6456,Lignières,Lignières,2018-01-01
2400,6458,Neuchâtel,Neuchâtel,2021-01-01
2400,6459,Saint-Blaise,Saint-Blaise,2018-01-01
2400,6461,La Tène,La Tène,2018-01-01
2400,6487,Val-de-Ruz,Val-de-Ruz,2018-01-01
2400,6504,La Côte-aux-Fées,La Côte-aux-Fées,2018-01-01
2400,6511,Les Verrières,Les Verrières,2018-01-01
2400,6512,Val-de-Travers,Val-de-Travers,2018-01-01
2500,6601,Aire-la-Ville,Aire-la-Ville,1848-09-12
2500,6602,Anières,Anières,1858-01-01
2500,6603,Avully,Avully,1848-09-12
2500,6604,Avusy,Avusy,1848-09-12
2500,6605,Bardonnex,Bardonnex,1851-01-01
2500,6606,Bellevue,Bellevue,1855-01-01
2500,6607,Bernex,Bernex,1850-01-01
2500,6608,Carouge (GE),Carouge (GE),1848-09-12
2500,6609,Cartigny,Cartigny,1848-09-12
2500,6610,Céligny,Céligny,1848-09-12
2500,6611,Chancy,Chancy,1848-09-12
2500,6612,Chêne-Bougeries,Chêne-Bougeries,1848-09-12
2500,6613,Chêne-Bourg,Chêne-Bourg,1869-01-01
2500,6614,Choulex,Choulex,1848-09-12
2500,6615,Collex-Bossy,Collex-Bossy,1855-01-01
2500,6616,Collonge-Bellerive,Collonge-Bellerive,1848-09-12
2500,6617,Cologny,Cologny,1848-09-12
2500,6618,Confignon,Confignon,1851-01-01
2500,6619,Corsier (GE),Corsier (GE),1858-01-01
2500,6620,Dardagny,Dardagny,1848-09-12
2500,6621,Genève,Genève,1931-01-01
2500,6622,Genthod,Genthod,1848-09-12
2500,6623,Le Grand-Saconnex,Le Grand-Saconnex,1848-09-12
2500,6624,Gy,Gy,1851-01-01
2500,6625,Hermance,Hermance,1848-09-12
2500,6626,Jussy,Jussy,1851-01-01
2500,6627,Laconnex,Laconnex,1851-01-01
2500,6628,Lancy,Lancy,1848-09-12
2500,6629,Meinier,Meinier,1848-09-12
2500,6630,Meyrin,Meyrin,1848-09-12
2500,6631,Onex,Onex,1851-01-01
2500,6632,Perly-Certoux,Perly-Certoux,1848-09-12
2500,6633,Plan-les-Ouates,Plan-les-Ouates,1851-01-01
2500,6634,Pregny-Chambésy,Pregny-Chambésy,1952-01-01
2500,6635,Presinge,Presinge,1851-01-01
2500,6636,Puplinge,Puplinge,1851-01-01
2500,6637,Russin,Russin,1848-09-12
2500,6638,Satigny,Satigny,1848-09-12
2500,6639,Soral,Soral,1851-01-01
2500,6640,Thônex,Thônex,1869-01-01
2500,6641,Troinex,Troinex,1848-09-12
2500,6642,Vandoeuvres,Vandoeuvres,1848-09-12
2500,6643,Vernier,Vernier,1848-09-12
2500,6644,Versoix,Versoix,1848-09-12
2500,6645,Veyrier,Veyrier,1848-09-12
2601,6702,Boécourt,Boécourt,1979-01-01
2601,6703,Bourrignon,Bourrignon,1979-01-01
2601,6704,Châtillon (JU),Châtillon (JU),1979-01-01
2601,6706,Courchapoix,Courchapoix,1979-01-01
2601,6708,Courrendlin,Courrendlin,2019-01-01
2601,6709,Courroux,Courroux,1979-01-01
2601,6710,Courtételle,Courtételle,1979-01-01
2601,6711,Delémont,Delémont,1979-01-01
2601,6712,Develier,Develier,1979-01-01
2601,6713,Ederswiler,Ederswiler,1979-01-01
2601,6715,Mervelier,Mervelier,1979-01-01
2601,6716,Mettembert,Mettembert,1984-01-01
2601,6718,Movelier,Movelier,1979-01-01
2601,6719,Pleigne,Pleigne,1979-01-01
2601,6721,Rossemaison,Rossemaison,1979-01-01
2601,6722,Saulcy,Saulcy,1979-01-01
2601,6724,Soyhières,Soyhières,1979-01-01
2601,6729,Haute-Sorne,Haute-Sorne,2013-01-01
2601,6730,Val Terbi,Val Terbi,2018-01-01
2602,6741,Le Bémont (JU),Le Bémont (JU),1979-01-01
2602,6742,Les Bois,Les Bois,1979-01-01
2602,6743,Les Breuleux,Les Breuleux,1979-01-01
2602,6744,La Chaux-des-Breuleux,La Chaux-des-Breuleux,1979-01-01
2602,6745,Les Enfers,Les Enfers,1979-01-01
2602,6748,Les Genevez (JU),Les Genevez (JU),1979-01-01
2602,6750,Lajoux (JU),Lajoux (JU),1979-01-01
2602,6751,Montfaucon,Montfaucon,2009-01-01
2602,6753,Muriaux,Muriaux,2009-01-01
2602,6754,Le Noirmont,Le Noirmont,1979-01-01
2602,6757,Saignelégier,Saignelégier,2009-01-01
2602,6758,Saint-Brais,Saint-Brais,1979-01-01
2602,6759,Soubey,Soubey,1979-01-01
2603,6771,Alle,Alle,1979-01-01
2603,6773,Beurnevésin,Beurnevésin,1979-01-01
2603,6774,Boncourt,Boncourt,1979-01-01
2603,6775,Bonfol,Bonfol,1979-01-01
2603,6778,Bure,Bure,1979-01-01
2603,6781,Coeuve,Coeuve,1979-01-01
2603,6782,Cornol,Cornol,1979-01-01
2603,6783,Courchavon,Courchavon,1979-01-01
2603,6784,Courgenay,Courgenay,1979-01-01
2603,6785,Courtedoux,Courtedoux,1979-01-01
2603,6787,Damphreux,Damphreux,1979-01-01
2603,6789,Fahy,Fahy,1979-01-01
2603,6790,Fontenais,Fontenais,2013-01-01
2603,6792,Grandfontaine,Grandfontaine,1979-01-01
2603,6793,Lugnez,Lugnez,1979-01-01
2603,6800,Porrentruy,Porrentruy,1979-01-01
2603,6806,Vendlincourt,Vendlincourt,1979-01-01
2603,6807,Basse-Allaine,Basse-Allaine,2009-01-01
2603,6808,Clos du Doubs,Clos du Doubs,2009-01-01
2603,6809,Haute-Ajoie,Haute-Ajoie,2018-01-01
2603,6810,La Baroche,La Baroche,2009-01-01
